lesson	title
1	What Is That? And Who Is He?
2	Hello, Sir!
3	Friend’s House
4	How Many In Total?
5	You, We And We
6	Review 1 Where Is The Post Office?
7	My Father Is In America
8	Hello! How Do You Do?
9	Today Is Our Grandfather's Birthday
10	Dasara Festival
11	What Is The Time Now?
12	Review 2 What Vegetables Are Available?
13	Do You Have A Job?
14	What Are There In Your Town?
15	A Riddle
16	What Do You Want?
17	You Don't Need Sugar
18	Review 3 Temple And School
19	See Who He Is!
20	I Have To Go To A Movie
21	A Mango Grove
22	What Are You Doing ?
23	I Am Buying A Radio
24	Review 4 A Letter
25	Eating Too Much Is Not Good
26	Let’s Go To Movie; Will You Come?
27	
28	
29	We Should Not Waste Electricity
30	Review 5
31	
32	Catch By Hair If You Can; Other- Wise Surrender
33	It Is Raining
34	Did You Clean The Tables?
35	I Am Toasting The Bread
36	Review 6 This Is Our Farm, Sir!
37	
38	
39	Has Your Brother Passed The Examination?
40	Sarma!  You Will Live For Thousand Years!
41	Who Is The Person Standing There?
42	Unit 7 What Happend To The Coat That I Kept Here?
43	It Looks As Though It Would Rain Now
44	While I Am Knitting ... The Last Word
45	Having Told And Without Telling
46	How Long Since You Came?
47	Computer Music
48	Review 8 Subbarao Shouted
49	
50	On The Chamundi Hill
51	May Be Or May Not Be
52	Allowing Or Not Allowing To Come
53	Whether Comes Or Not
54	Review  9 Dawn And Dusk
55	The Python That Swallowed A Goat
56	Stopping And Stopping (Some Thing)
57	I Will Get The Flowers Plucked And Give
58	I Brought Plates For Myself
59	Tenali Ramakrishnudu
60	Review 10 What Is The Reason For You Not Marrying?
61	Overall Review 1 A Novel Experiment In Lending
62	Overall Review 2 The Poor People
63	Overall Review 3 Some Wonders Of The World
64	Overall Review 4 The Planet Mars
