guid	lesson	start	end	total
I73e723fcf08f	1	0.0	1.78	85.25
I19295bb697b3	1	2.48	4.25	85.25
Ib1ba3bfbfc7b	1	4.95	6.75	85.25
I2c69f19981a1	1	7.45	9.06	85.25
I42902f2c3dc4	1	9.76	23.61	85.25
Ibe79ef813c76	1	24.31	27.88	85.25
I3a19bdfaadee	1	28.58	32.28	85.25
Ieff0ea10e840	1	32.98	34.68	85.25
I93a7cfc78b4d	1	35.38	37.57	85.25
Ic74a27688304	1	38.27	40.04	85.25
I6db8b2dbe5f1	1	40.74	42.78	85.25
Iddc0160d859f	1	43.48	46.96	85.25
I5ec19d8debde	1	47.66	52.01	85.25
I25fdc6c74966	1	52.71	56.96	85.25
Ia2c0b732f9c3	1	57.66	61.93	85.25
I7e1c87015269	1	62.63	66.78	85.25
I05a7832f5191	1	67.48	71.34	85.25
If46bb67acb5e	1	72.04	76.63	85.25
Ida14c78a86ba	1	77.33	80.9	85.25
I5f3c2651d69d	1	81.6	85.25	85.25
Ifa170566d3f1	2	0.0	1.94	107.39
I05465b345b53	2	2.64	6.1	107.39
I2f42c5260d32	2	6.8	19.33	107.39
I3003e039745d	2	20.03	27.11	107.39
I69d6116bfa1c	2	27.81	38.61	107.39
Id5985da21d38	2	39.31	41.4	107.39
I3bf5ff492b83	2	42.1	44.06	107.39
I7b6f43f40fb7	2	44.76	46.9	107.39
I2444eb955647	2	47.6	54.06	107.39
I7344a7f5a0c2	2	54.76	56.75	107.39
I73e423032153	2	57.45	59.32	107.39
Ief30651d9ca9	2	60.02	63.84	107.39
I7fc679bc3a28	2	64.54	70.66	107.39
I489ddce82dfc	2	71.36	73.85	107.39
I543c6ad924ab	2	74.55	77.48	107.39
I8672a4da51ae	3	105.58	107.36	151.51
Ib57fde47c176	2	80.66	84.35	107.39
I3c3927ea82df	2	85.05	87.28	107.39
Ie9c7aafa5761	2	87.98	90.22	107.39
I308c8e51c825	2	90.92	95.52	107.39
Iedf7fc031788	2	96.22	98.6	107.39
Iaeb68435d2cc	2	99.3	102.64	107.39
I15f94297a4f7	2	103.34	107.39	107.39
I03425fc38efd	3	0.0	22.92	151.51
Ie69cb316736d	3	23.62	28.35	151.51
I25c45d255945	3	29.05	33.37	151.51
I0b56ae0ba3c1	3	34.07	37.09	151.51
Icf51b814610e	3	37.79	42.93	151.51
I22bee5e38cc1	3	43.63	48.76	151.51
I67b444269340	3	49.46	51.7	151.51
I0b58458b8023	3	52.4	54.32	151.51
Ib5b593bff975	3	55.02	56.86	151.51
I542d847928fb	3	57.56	62.39	151.51
Iaa26cf78399b	3	63.09	66.78	151.51
I9a7b6c6b82c6	3	67.48	72.76	151.51
I8151c6d712ab	3	73.46	76.25	151.51
If7c45af77d51	3	76.95	78.72	151.51
I66e66bd30f43	3	79.42	86.22	151.51
I7c86d50a0374	6	46.03	48.1	96.69
Ic449703e0ea9	3	89.68	94.12	151.51
I217f5c86f53c	3	94.82	99.31	151.51
I956be91bb085	3	100.01	102.22	151.51
I30badefdaa98	3	102.92	104.88	151.51
I0623874b50c0	3	108.06	113.39	151.51
I0d7b47b665be	3	114.09	115.74	151.51
I8e6b8f5d8a4c	3	116.44	121.48	151.51
I389c032996b0	3	122.18	127.39	151.51
I406631063d12	3	128.09	133.8	151.51
I716877b78db2	3	134.5	137.53	151.51
Ifd973a2f860e	3	138.23	145.48	151.51
Ifd3f5b372477	3	146.18	147.88	151.51
Ic93468a287bc	3	148.58	151.51	151.51
Id7b9ddcc1a1c	4	0.0	3.43	139.46
Ib5399388e959	4	4.13	8.62	139.46
I572cff2b4275	4	9.32	11.43	139.46
Ib6c3755cbbf8	4	12.13	14.32	139.46
I791020137eb2	4	15.02	20.3	139.46
I86b13fc697f6	4	21.0	23.3	139.46
Icdde29ce5eec	4	24.0	26.4	139.46
I9f76fd051813	4	27.1	31.2	139.46
Id15c55c76773	4	31.9	34.18	139.46
I74b3095c82db	4	34.88	37.5	139.46
Ie5188281f8ba	4	38.2	41.3	139.46
I864ac0f4b7ea	4	42.0	43.92	139.46
I51ec7b27e65a	4	44.62	46.22	139.46
I7a213950e6e0	4	46.92	50.62	139.46
I1292e7fdf4b4	4	51.32	53.22	139.46
Ia748309cc1d7	4	53.92	56.03	139.46
I830cf198fe64	4	56.73	59.01	139.46
I618c50b40a31	4	59.71	62.9	139.46
Ie6addcfc0c79	4	63.6	65.57	139.46
I92ac5c61c747	4	66.27	68.26	139.46
I063d0557e424	4	68.96	73.64	139.46
I38a53b437db7	4	74.34	76.81	139.46
Id8c9bc1f96de	4	77.51	80.3	139.46
I2a4c59a7e035	4	81.0	82.92	139.46
Ib8d97662b7b9	4	83.62	85.68	139.46
I204bf139a596	4	86.38	89.26	139.46
Ib76cf0c8b165	4	89.96	97.3	139.46
I400693aa5a83	4	98.0	100.67	139.46
I1f776930634c	4	101.37	116.34	139.46
If0bfa00db01a	4	117.04	119.83	139.46
Icd9f19024987	4	120.53	125.83	139.46
I8901148e2335	4	126.53	131.02	139.46
Ie90a8ee0c967	4	131.72	134.48	139.46
Iad3af36b6827	4	135.18	137.1	139.46
I557ff1e907a0	4	137.8	139.46	139.46
Ifc19c1fd251a	5	0.0	3.62	267.34
I4972d201ac7d	5	4.32	6.46	267.34
Ie36639c99b38	5	7.16	13.04	267.34
I541646942fd0	5	13.74	15.66	267.34
Ia46282c76da9	5	16.36	22.41	267.34
Id7629a7637be	5	23.11	25.12	267.34
Ib9f925bbcc21	5	25.82	31.46	267.34
I7690a380482a	5	32.16	34.11	267.34
I1000da908074	5	34.81	40.26	267.34
Iac4450bd96f6	5	40.96	46.93	267.34
I147d0607198a	5	47.63	49.74	267.34
I30213b88d557	5	50.44	56.73	267.34
I803147770f43	5	57.43	59.42	267.34
I46cad583aeb1	5	60.12	66.77	267.34
I7eb037502215	5	67.47	74.19	267.34
I679516e6ebe1	5	74.89	81.23	267.34
I2b02706ba3ba	5	81.93	91.02	267.34
I319a0570af8f	5	91.72	95.28	267.34
I5dbdc6934688	5	95.98	98.3	267.34
Id43f30971327	5	99.0	102.56	267.34
I02dcabd2365a	5	103.26	105.46	267.34
I25fe5896c836	5	106.16	113.92	267.34
Ifd519b27f7e8	5	114.62	117.23	267.34
Id5b214ca3ed5	5	117.93	130.94	267.34
Ibfcfb1fe7dc6	5	131.64	140.38	267.34
I86dd55540357	5	141.08	149.5	267.34
Ifb91b6fc84c2	5	150.2	156.92	267.34
I4f834a1abd1d	5	157.62	161.48	267.34
Id1baf0ab18de	5	162.18	164.44	267.34
I150650ee13b0	5	165.14	174.31	267.34
Id5509b3f8b48	5	175.01	179.02	267.34
Iec803e01c0b1	5	179.72	182.24	267.34
I991439137547	5	182.94	184.95	267.34
Ic84239c87c2e	5	185.65	188.2	267.34
I08045844b8c3	5	188.9	191.25	267.34
I142d6654af27	5	191.95	194.76	267.34
Ifb938f183157	5	195.46	197.52	267.34
I7c909a292217	5	198.22	200.6	267.34
Id062b2af6d85	5	201.3	203.48	267.34
I4697eda1b5fd	5	204.18	206.34	267.34
Id393408c1a71	5	207.04	208.96	267.34
I8a77d51c139f	5	209.66	212.11	267.34
Ide755ba8a4f2	5	212.81	215.11	267.34
I26109fba25b4	5	215.81	217.97	267.34
I65f439f611d7	5	218.67	220.86	267.34
I4a2465483174	5	221.56	230.24	267.34
Iff71cf5439b0	5	230.94	243.9	267.34
Ifdfdc2dd8cb1	5	244.6	256.56	267.34
Iaa6194265d2d	5	257.26	267.34	267.34
Ibfaee19c2e60	6	0.0	8.06	96.69
I43a26506575c	6	8.76	16.66	96.69
I047b1b3ed06e	6	17.36	22.09	96.69
I940579421346	6	22.79	28.28	96.69
Ic93dcd12de8a	6	28.98	38.51	96.69
Ic386744b030a	6	39.21	45.33	96.69
Ic53d430e3499	6	48.8	51.29	96.69
I8fc38af2255d	6	51.99	57.73	96.69
I609e7857adaa	6	58.43	62.63	96.69
I6eedc5bcac96	6	63.33	69.04	96.69
I3d4aea660dfd	6	69.74	72.28	96.69
I35103606fbe7	6	72.98	75.12	96.69
I42f96ce8dde1	6	75.82	78.05	96.69
Ib0c7012ab7c1	6	78.75	80.6	96.69
I9b9b2aa9cedc	6	81.3	89.05	96.69
I25bbf0ba198d	6	89.75	92.42	96.69
Ib6542d9d88f3	6	93.12	96.69	96.69
