te	gloss	pos	status
ర			ocr-junk
Pఒద			ocr-junk
్దు			ocr-junk
(్			ocr-junk
wర			ocr-junk
ి			ocr-junk
ం			ocr-junk
ష్న్			ocr-junk
ో			ocr-junk
Rభ			ocr-junk
ాష			ocr-junk
మాత్			ocr-junk
౨			ocr-junk
అప్టై			ocr-junk
బిస్మెట్టు			ocr-junk
చుట్టుతోటుంది			ocr-junk
ట్కొట్టు			ocr-junk
నింగయ్యః			ocr-junk
అవ్రను			ocr-junk
యిష్టం			ocr-junk
శ			ocr-junk
గొ			ocr-junk
గొపి			ocr-junk
అత			ocr-junk
నువ్వ			ocr-junk
బి			ocr-junk
మోడలు			ocr-junk
పడ్డది			ocr-junk
ఇంటతను			ocr-junk
రామనరసింహం	Ramanarasimham	name	draft
జ్యోతి	Jyothi	name	draft
హరి	Hari	name	draft
నెహ్రూ	Nehru	name	draft
రాఘవరావు	Raghavarao	name	draft
సారథి	Sarathi	name	draft
వెంకటేశ్వర్లు	Venkateswarlu	name	draft
కుమార్	Kumar	name	draft
రాజారామ్	Rajaram	name	draft
జవహర్లాల్	Jawaharlal	name	draft
ముఖర్జీ	Mukherjee	name	draft
జనతాసింగ్	Janatasingh	name	draft
నారాయణా	Narayana! (calling)	name, vocative	draft
కృష్ణమూర్తి	Krishnamurti	name	draft
గౌరి	Gowri	name	draft
రాఘవ	Raghava	name	draft
గోవిందు	Govindu	name	draft
పురుషోత్తం	Purushottam	name	draft
తెనాలి	Tenali (the town, and Tenali Ramakrishna)	name	draft
రామకృష్ణుడు	Ramakrishna	name	draft
కృష్ణదేవరాయలు	Krishnadevaraya (the emperor)	name	draft
హైదరాబాదు	Hyderabad	place name	draft
ఢిల్లీ	Delhi	place name	draft
ఆకాశవాణి	All India Radio	proper noun	draft
అంగారక	Mars (in compounds)	proper noun	draft
నాన్నగారూ	Father! (calling)	noun, vocative — నాన్న + గారు	draft
సార్	sir	noun (English loanword)	draft
ఏమండీ	excuse me / I say (polite attention-getter)	interjection	draft
అవునండీ	yes, sir / yes, madam	అవును + the polite -అండీ	draft
కాదండీ	no, it is not (polite)	కాదు + the polite -అండీ	draft
లేదండీ	there is none (polite)	లేదు + the polite -అండీ	draft
లేరండీ	there is nobody (polite)	లేరు + the polite -అండీ	draft
ఉందండీ	there is (polite)	ఉంది + the polite -అండీ	draft
ఉన్నాయండీ	there are (polite)	ఉన్నాయి + the polite -అండీ	draft
ఉన్నదండీ	there is (polite)	ఉన్నది + the polite -అండీ	draft
లేవండీ	there are none (polite)	లేవు + the polite -అండీ	draft
పేరండీ	the name, sir	పేరు + the polite -అండీ	draft
నమస్కారమండీ	greetings (polite)	నమస్కారం + the polite -అండీ	draft
మాష్టరుగారూ	Sir! (calling a teacher)	vocative of మాష్టరుగారు	draft
రామారావుగారూ	Mr Ramarao! (calling)	vocative	draft
గదా	is it not? / surely	tag particle seeking agreement	draft
నేనెవరిని	who am I?	నేను + ఎవరిని	draft
ఎవరివి	who are you?	ఎవరు + the 2sg ending	draft
ఎవరిది	whose is it?	ఎవరు + the possessive -ది	draft
ఎవరో	someone / who it might be	ఎవరు + -ఓ	draft
ఎవరిమి	who are we?	ఎవరు + the 1pl ending	draft
ఎవరున్నారు	who is there?	ఎవరు + ఉన్నారు	draft
పేరేమిటి	what is the name?	పేరు + ఏమిటి	draft
ఏముంది	what is there?	ఏమి + ఉంది	draft
కావాలా	is it wanted?	కావాలి + the -ā question	draft
బాగుందా	is it good? / how is it?	బాగుంది + -ā	draft
బాగున్నావా	are you well?	బాగున్నావు + -ā	draft
బాగున్నాయా	are they good?	బాగున్నాయి + -ā	draft
ఉందా	is there?	ఉంది + -ā	draft
ఉన్నాయా	are there?	ఉన్నాయి + -ā	draft
ఉన్నారా	are they/you there?	ఉన్నారు + -ā	draft
ఉంటుందా	will there be?	ఉంటుంది + -ā	draft
కాదా	is it not?	the negative copula + -ā	draft
లేవా	are there none?	లేవు + -ā	draft
వస్తావా	will you come?	వస్తావు + -ā	draft
వచ్చారా	did you all come?	వచ్చారు + -ā	draft
రాలేదా	did (he) not come?	రాలేదు + -ā	draft
తెలిసిందా	is it known?	తెలిసింది + -ā	draft
ఎప్పుడండీ	when, sir?	ఎప్పుడు + the polite -అండీ	draft
ప్రయాణమా	a journey?	ప్రయాణం + -ā	draft
కూతురా	daughter?	కూతురు + -ā	draft
ఇవ్వాళ	today	adverb	draft
ఇందాక	a little while ago	adverb	draft
ఇక	now, from here on	adverb	draft
మళ్లీ	again	adverb	draft
అటు	that way	adverb	draft
ఎదురు	opposite, facing	noun/adverb	draft
లోపలికి	inside (motion towards)	adverb	draft
బైటికి	outside (motion towards)	adverb	draft
దాకా	up to, until	postposition	draft
నించి	from	postposition — a spoken form of నుండి	draft
ఇక్కడే	right here	ఇక్కడ + the emphatic -ఏ	draft
ఇక్కడికి	to here	ఇక్కడ + the dative	draft
ఇక్కడి	of this place	ఇక్కడ, oblique	draft
అక్కడి	of that place	అక్కడ, oblique	draft
దగ్గరే	right near	దగ్గర + the emphatic -ఏ	draft
దగ్గరికి	close to, towards	దగ్గర + the dative	draft
ఎక్కడికీ	anywhere (with a negative)	ఎక్కడికి + -ీ	draft
ఇంట్లోనే	at home only	ఇల్లు + -లో + the emphatic -ఏ	draft
గుళ్లో	in the temple	గుడి + -లో	draft
ఊళ్లో	in the town	ఊరు + -లో	draft
ఊరికి	to the town	ఊరు + the dative	draft
కొట్లో	in the shop	కొట్టు + -లో	draft
నీళ్ళల్లో	in the water	నీళ్ళు + -లో	draft
మీదికి	onto	మీద + the dative	draft
సాయంత్రమే	this very evening	సాయంత్రం + the emphatic -ఏ	draft
సేపు	a while	noun	draft
ఇప్పుడిప్పుడే	only just now	adverb	draft
ఇప్పటికే	already by now	adverb	draft
ఇలారా	come here!	"ఇలా ""this way"" + రా ""come"""	draft
ఇట్లా	like this, in this way	adverb	draft
దాన్ని	it (as object)	అది in the accusative	draft
వాణ్ణి	him (as object)	వాడు in the accusative	draft
తమ్ముణ్ణి	the younger brother (as object)	తమ్ముడు in the accusative	draft
ఒకణ్ణి	I am one	ఒకడు + the 1sg ending	draft
నేనూ	I too	నేను + the additive -ఊ	draft
నేనే	I myself	నేను + the emphatic -ఏ	draft
మీరే	you yourself	మీరు + the emphatic -ఏ	draft
మీరందరూ	all of you	మీరు + అందరూ	draft
నీకే	for you specifically	నీకు + the emphatic -ఏ	draft
మీది	yours	మీరు + the possessive -ది	draft
వాడిది	his	వాడు + the possessive -ది	draft
అన్నయ్యది	the elder brother’s	అన్నయ్య + -ది	draft
విజయది	Vijaya’s	name + -ది	draft
వీటి	of these	ఇవి, oblique	draft
ఇతని	his	ఇతను, oblique	draft
అతనే	he himself	అతను + -ఏ	draft
వాళ్ళిద్దరూ	both of them	వాళ్ళు + ఇద్దరూ	draft
కోసమే	only for	కోసం + the emphatic -ఏ	draft
గారి	of (polite)	the honorific గారు, oblique	draft
గారికి	to (polite)	గారు + the dative	draft
నాన్నగారి	father’s	నాన్నగారు, oblique	draft
నాన్నగారితో	with father	నాన్నగారు + -తో	draft
బాబాయిగారికి	for the uncle	బాబాయిగారు + the dative	draft
హరికి	to Hari	name + the dative	draft
తమ్ముడి	the younger brother’s	తమ్ముడు, oblique	draft
చెల్లెలి	the younger sister’s	చెల్లెలు, oblique	draft
స్నేహితుడి	the friend’s (male)	స్నేహితుడు, oblique	draft
స్నేహితురాలి	the friend’s (female)	స్నేహితురాలు, oblique	draft
వేలికి	to the finger	వేలు + the dative	draft
నాటకానికి	to the play	నాటకం + the dative	draft
రూపాయల	of rupees	రూపాయలు, oblique	draft
ఇళ్ళ	of houses	ఇళ్ళు, oblique	draft
ఇద్దరం	we are two	ఇద్దరు + the 1pl ending	draft
ముగ్గురం	we are three	ముగ్గురు + 1pl	draft
ఐదుగురం	we are five	ఐదుగురు + 1pl	draft
ఆరుగురు	six people	ఆరు + the human plural	draft
పదిమంది	ten people	పది + మంది	draft
ఎనిమిదిమందిమి	we are eight	ఎనిమిది + మంది + 1pl	draft
విద్యార్థులం	we are students	విద్యార్థులు + the 1pl ending	draft
ఒకటో	first	ordinal of ఒకటి	draft
రెండో	second	ordinal of రెండు	draft
ఆరో	sixth	ordinal of ఆరు	draft
అయింది	it became, it is done	past of అగు	draft
వుంది	there is	a spelling of ఉంది	draft
పోదాం	let’s go	hortative of పో	draft
చెయ్యాలి	must do	obligative of చేయు	draft
చూసి	having seen	verbal participle of చూడు	draft
వచ్చి	having come	verbal participle of రా	draft
చేసి	having done	verbal participle of చేయు	draft
వెళ్ళి	having gone	verbal participle of వెళ్ళు	draft
చెప్పి	having said	verbal participle of చెప్పు	draft
కొని	having bought	verbal participle of కొను	draft
తియ్యి	take it out! / open it!	imperative of తీయు	draft
వెళ్లు	go!	imperative of వెళ్ళు	draft
పిలు	call!	imperative of పిలువు	draft
పట్టుకో	catch! / hold it!	imperative of పట్టుకో	draft
చెయ్యకు	don’t do it	negative imperative of చేయు	draft
వెయ్యకు	don’t put/switch on	negative imperative of వేయు	draft
చూశాను	I saw	past, 1sg of చూడు	draft
దొరుకుతాయి	they are available	habitual, 3pl of దొరుకు	draft
బాగుంటుంది	it will be good	బాగా + ఉంటుంది	draft
కావచ్చు	it may be	potential of అగు	draft
అనుకుంటాను	I think, I intend	habitual, 1sg of అనుకో	draft
అన్నది	she said / that which was said	past, 3sg fem of అను	draft
పోతే	if (one) goes / if lost	conditional of పో	draft
అడిగితే	if (you) ask	conditional of అడుగు	draft
రాకపోతే	if (he) does not come	negative conditional of రా	draft
చెప్పకుండా	without telling	negative adverbial of చెప్పు	draft
తింటూ	while eating	progressive participle of తిను	draft
వెళ్ళటం	going	verbal noun of వెళ్ళు	draft
చదవటం	reading	verbal noun of చదువు	draft
కావటం	becoming	verbal noun of అగు	draft
కోయించి	having had (it) cut	causative participle of కోయు	draft
పట్టుకున్న	that was caught	past adjectival of పట్టుకో	draft
చెప్పిన	that was said	past adjectival of చెప్పు	draft
పుట్టిన	born	past adjectival of పుట్టు	draft
ఉన్న	that is, existing	adjectival of ఉండు	draft
ఉండేవాడు	he used to be	habitual past of ఉండు	draft
ఎక్కడున్నాడు	where is he?	ఎక్కడ + ఉన్నాడు	draft
నేనున్నాను	I am there	నేను + ఉన్నాను	draft
నేనిక్కడ	I (am) here	నేను + ఇక్కడ	draft
ఉందే	there is, you see	ఉంది + the familiar -ఏ	draft
నవల	a novel	noun	draft
నవలలు	novels	plural of నవల	draft
కవి	a poet	noun	draft
కవులు	poets	plural of కవి	draft
మాటలు	words, talk	plural of మాట	draft
మాట	a word, what one says	noun	draft
పనులు	jobs, tasks	plural of పని	draft
జనం	people, a crowd	noun	draft
స్కూలు	school	noun (English loanword)	draft
లైటు	light	noun (English loanword)	draft
సైకిలు	bicycle	noun (English loanword)	draft
నెంబరు	number	noun (English loanword)	draft
పాసు	a pass (in an exam)	noun (English loanword)	draft
సంచీ	a bag	noun	draft
సంచి	a bag	noun	draft
కలాలు	pens	plural of కలం	draft
కాయలు	unripe fruit, vegetables	plural of కాయ	draft
మంచినీళ్ళు	drinking water	"మంచి ""good"" + నీళ్ళు ""water"""	draft
కాళ్ళు	feet, legs	plural of కాలు	draft
మైళ్ళు	miles	plural of మైలు	draft
చాక్లెట్లు	chocolates	English loanword + the plural -లు	draft
పూరీ	puri (the fried bread)	noun	draft
మినపట్టు	minapattu (a black-gram dosa)	noun	draft
ఉయ్యాల	a swing	noun	draft
కొండచిలువ	a python	noun	draft
పర్వతాలు	mountains	plural of పర్వతం	draft
నెప్పి	pain, an ache	noun	draft
నెప్పిగా	painfully, aching	నెప్పి + -గా	draft
కాలక్షేపం	passing the time	noun	draft
మెల్లగా	slowly, gently	adverb	draft
హడావుడిగా	in a hurry	adverb	draft
కొంత	some, a certain amount	determiner	draft
మిగిలినవి	the rest, the remaining ones	from మిగులు	draft
అంతే	that is all	adverb	draft
హర్యానావాళ్ళు	the Haryana people	"place + వాళ్ళు ""people of"""	draft
మంచిదానివి	you are a good one (to a female)	మంచిది + the 2sg ending	draft
హిందీ	Hindi	noun	draft
బల్లమీద	on the table	"బల్ల + మీద ""on"""	draft
రోజా	the day?	రోజు + -ā	draft
ఒకరే	only one person	ఒకరు + the emphatic -ఏ	draft
ఊం	mm (yes / go on)	interjection	draft
ఏమయ్యా	hey there! / I say	ఏమి + అయ్యా, familiar address to a man	draft
