EnglishPrompt,EnglishAudio,TeluguScript,Romanization,TeluguAudio,Notes,Tags,ID
I am a student.,,నేను విద్యార్థిని.,nēnu vidyārthini.,,,src::site known::100,S0001
We are students.,,మనం విద్యార్థులము.,manaṁ vidyārthulamu.,,colloquially often -am,src::site known::100,S0002
"""You are a teacher"" (to a teacher) [respectful]",,మీరు టీచర్.,mīru ṭīchar.,,"formal → mīru, no marker",src::site reg::respectful known::100,S0003
"""You are a student"" (to a student) [informal]",,నువ్వు విద్యార్థివి.,nuvvu vidyārthivi.,,informal → nuvvu + marker -vi,src::site reg::informal known::100,S0004
"""These people / those people""",,వీళ్ళు / వాళ్ళు.,vīḷḷu / vāḷḷu.,,near ī- vs distant ā-,src::site known::100,S0005
"Give the near partner for āviḍa, atanu, and avi.",,"ఈవిడ, ఇతను, ఇవి.","īviḍa, itanu, ivi.",,keep the same meaning/register; change distance,src::site known::100,S0006
"Hello. (from Lesson 1); Hello — palms together, fingers up",,నమస్కారం.,namaskāraṁ.,,,src::site known::100,S0007
My name is ______.,,నా పేరు ______.,nā pēru ______.,,,src::site src::book1000 known::100,S0008
My age is ______.,,నా వయసు ______.,nā vayasu ______.,,e.g. nā vayasu muppai āru = 36,src::site known::100,S0009
I am a ______. (English profession word is fine),,నేను ______ ని.,nēnu ______ ni.,,,src::site known::100,S0010
I am ______. / Ours is ______.,,నేను ______ ని. / మాది ______.,nēnu ______ ni. / mādi ______.,,,src::site known::100,S0011
Our hometown is ______.,,మాది ______.,mādi ______.,,,src::site known::100,S0012
Our mother tongue is ______.,,మా మాతృభాష ______.,mā mātṛbhāṣa ______.,,,src::site known::100,S0013
My father's name is ______.,,మా నాన్న పేరు ______.,mā nānna pēru ______.,,,src::site known::100,S0014
My mother's name is ______.,,మా అమ్మ పేరు ______.,mā amma pēru ______.,,,src::site known::100,S0015
My wife's / husband's name is ______.,,నా భార్య / నా భర్త పేరు ______.,nā bhārya / nā bharta pēru ______.,,,src::site known::100,S0016
He is a ______. / She is a ______. (Lesson 1 pronouns + oka),,అతను ఒక ______. / ఆమె ఒక ______.,atanu oka ______. / āme oka ______.,,,src::site known::100,S0017
Thank you.,,ధన్యవాదాలు.,dhanyavādālu.,,,src::site known::100,S0018
I am a boy.,,నేను అబ్బాయిని.,nēnu abbāyini.,,,src::site known::100,S0019
I am a girl.,,నేను అమ్మాయిని.,nēnu ammāyini.,,,src::site known::100,S0020
"""I am a person / a human being.""",,నేను మనిషిని.,nēnu maniṣini.,,"manishi already ends in -i, so just add -ni",src::site known::100,S0021
I am an engineer.,,నేను ఇంజినీర్‌ని.,nēnu injinīrni.,,the normal way,src::site known::100,S0022
My age is 20.,,నా వయసు ఇరవై.,nā vayasu iravai.,,"iravai = 20, muppai = 30",src::site known::100,S0023
"""I am an Indian"" (male speaker).",,నేను భారతీయుడిని.,nēnu bhāratīyuḍini.,,male · -ḍu → -ḍi before -ni,src::site known::100,S0024
"How do you say ""my mother""?",,మా అమ్మ.,mā amma.,,"literally ""our mother"" — never nā amma",src::site known::100,S0025
"How do you say ""my father""?",,మా నాన్న.,mā nānna.,,family unit → mā,src::site known::100,S0026
"How do you say ""my friend"" when it's a boy? A girl?",,నా స్నేహితుడు. / నా స్నేహితురాలు.,nā snēhituḍu. / nā snēhiturālu.,,or just nā friend,src::site known::100,S0027
"""My husband"" — everyday and traditional.",,నా భర్త. / మా ఆయన.,nā bharta. / mā āyana.,,"""our respected he""",src::site known::100,S0028
"""My father is a teacher.""",,మా నాన్న ఒక టీచర్.,mā nānna oka ṭīchar.,,"mā for family, loanword profession",src::site known::100,S0029
Please come in (rā + aṇḍi) [respectful],,రండి,raṇḍi,,,src::site reg::respectful known::100,S0030
How are you? (lit. are you fine?) [respectful]; Are you okay ?,,మీరు బాగున్నారా?,mīru bāgunnārā?,,,src::site src::book1000 reg::respectful known::100,S0031
I'm fine.; I feel good,,నేను బాగున్నాను.,nēnu bāgunnānu.,,,src::site src::book1000 known::100,S0032
Yes / okay [respectful],,అవునండి / సరే,avunaṇḍi / sarē,,,src::site reg::respectful known::100,S0033
Someone offers you more food. You've had enough. [respectful],,వద్దండి,vaddaṇḍi,,"declining = vaddu, not lēdu",src::site reg::respectful known::100,S0034
Someone assumes you're a teacher. You're not. [respectful],,కాదండి,kādaṇḍi,,negating an identity statement = kādu,src::site reg::respectful known::100,S0035
Someone asks if there's any coffee left. There isn't. [respectful],,లేదండి,lēdaṇḍi,,existence = lēdu,src::site reg::respectful known::100,S0036
Sorry (lit. forgive me) [respectful]; Excuse me; Pardon me,,క్షమించండి,kṣaminchaṇḍi,,,src::site src::book1000 reg::respectful known::100,S0037
"It was okay. / Not bad. / It's fine, don't worry about it.; Never mind",,పర్వాలేదు,parvālēdu,,"Enormously versatile. It also means ""no problem"" when someone apologises, and ""it doesn't matter"" when someone offers something you're declining. Card this one today.",src::site src::book1000 known::100,S0038
Well done / congratulations,,శభాష్,śabhāṣ,,,src::site known::100,S0039
Ask the price of something in front of you.,,ఇది ఎంత?,idi enta?,,"idi from Lesson 1 + enta, no verb",src::site known::100,S0040
Here you go [respectful],,ఇదిగోండి,idigōṇḍi,,,src::site reg::respectful known::100,S0041
Let's go [respectful],,పదండి,padaṇḍi,,,src::site reg::respectful known::100,S0042
Tell someone you don't know Telugu.,,తెలుగు రాదు.,telugu rādu.,,"lit. ""Telugu doesn't come""",src::site known::100,S0043
Say goodbye politely — and what does it literally mean?,,వస్తానండి,vastānaṇḍi,,"Literally ""I'll come back.""",src::site reg::respectful known::100,S0044
This is not a car.,,ఇది కారు కాదు.,idi kāru kādu.,,denying the statement,src::site known::100,S0045
Greet someone respectfully — and what do your hands do?,,నమస్కారం అండి.,namaskāraṁ aṇḍi.,,"palms together, fingers pointing up — not a wave",src::site reg::respectful known::100,S0046
"""How are you?"" — ask it respectfully, then answer.",,మీరు బాగున్నారా? / నేను బాగున్నాను.,mīru bāgunnārā? / nēnu bāgunnānu.,,both pronouns optional,src::site reg::respectful known::100,S0047
Your mother's elder sister.,,పెద్దమ్మ.,peddamma.,,"pedda + amma — ""elder mother""",src::site known::100,S0048
Your mother's younger sister.,,పిన్ని.,pinni.,,not a compound — its own word,src::site known::100,S0049
Your father's younger brother.,,చిన్నాన్న.,chinnānna.,,"chinna + nāna — ""younger father""",src::site known::100,S0050
Your father's sister — and does her age matter?,,అత్త.,atta.,,"No — age-neutral, like māmayya on the other side.",src::site known::100,S0051
Elder sister and younger sister.,,అక్క / చెల్లి.,akka / chelli.,,,src::site known::100,S0052
Address your grandfather respectfully.,,తాత గారు.,tāta gāru.,,"gāru attaches to people, aṇḍi to phrases",src::site reg::respectful known::100,S0053
Your mother-in-law and father-in-law. [respectful],,అత్త గారు / మామ గారు.,atta gāru / māma gāru.,,Same roots as the paternal aunt and maternal uncle.,src::site reg::respectful known::100,S0054
Son-in-law and daughter-in-law.,,అల్లుడు / కోడలు.,alluḍu / kōḍalu.,,,src::site known::100,S0055
"""I am the son-in-law."" — mind the Lesson 2 sound rule.",,నేను అల్లుడిని.,nēnu alluḍini.,,-ḍu → -ḍi before the person marker,src::site known::100,S0056
Ask a stranger their name. [respectful],,మీ పేరు ఏమిటి?,mī pēru ēmiṭi?,,"respectful · stranger → always mī, never nī",src::site reg::respectful known::100,S0057
Say that question the way it actually sounds at speed. [respectful],,మీ పేరెంటి?,mī pēreṇṭi?,,pēru + ēnti — the vowel gets deleted,src::site reg::respectful known::100,S0058
"""His name"" using the formal pronoun.",,ఆయన పేరు.,āyana pēru.,,unchanged,src::site known::100,S0059
"""Their names"" for a group of people.",,వాళ్ళ పేర్లు.,vāḷḷa pērlu.,,"vāḷḷu → vāḷḷa, and pēru → pērlu",src::site known::100,S0060
"""Our names"" — you're telling someone outside your group.",,మా పేర్లు.,mā pērlu.,,exclusive — they're not included,src::site known::100,S0061
Now say it including your listener.,,మన పేర్లు.,mana pērlu.,,inclusive,src::site known::100,S0062
Which possessives are identical to their pronouns?,,"ఆయన, ఆవిడ, ఆమె.","āyana, āviḍa, āme.",,,src::site known::100,S0063
21,,ఇరవై ఒకటి,iravai okaṭi,,,src::site known::100,S0064
37,,ముప్పై ఏడు,muppai ēḍu,,,src::site known::100,S0065
Say 99.,,తొంభై తొమ్మిది,tombhai tommidi,,,src::site known::100,S0066
Fifty rupees.,,యాభై రూపాయలు.,yābhai rūpāyalu.,,,src::site known::100,S0067
A hundred rupees.,,వంద రూపాయలు.,vanda rūpāyalu.,,,src::site known::100,S0068
Say 42.,,నలభై రెండు.,nalabhai reṇḍu.,,"ten word + unit, no connector",src::site known::100,S0069
Say 300.,,మూడు వందలు.,mūḍu vandalu.,,multiplier + plural base,src::site known::100,S0070
"Say 2,700.",,రెండు వేలు ఏడు వందలు.,reṇḍu vēlu ēḍu vandalu.,,largest part first,src::site known::100,S0071
"""How much is this?"" — then answer ""fifty rupees.""",,ఇది ఎంత? / యాభై రూపాయలు.,idi enta? / yābhai rūpāyalu.,,,src::site known::100,S0072
"""Ten people.""",,పది మంది.,padi mandi.,,mandi is the counter for larger groups,src::site known::100,S0073
"How much is ""fifty lakh"" in plain digits?",,"5,000,000.","5,000,000.",,"A lakh is 100,000. · A crore is 10,000,000.",src::site known::100,S0074
How did today go?,,ఈ రోజు ఎట్ల గడిచింది?,ī rōju eṭla gaḍichindi?,,Listen for: rōju (day) and eṭla (how). Those two words are enough to identify it.,src::site known::100,S0075
Are you well? [respectful],,బాగున్నారా?,bāgunnārā?,,Listen for: bāgu- plus a rising -ā at the end. That final -ā is the yes/no question marker — the same one you met on the song page.,src::site reg::respectful known::100,S0076
Have you eaten? [respectful],,తిన్నారా?,tinnārā?,,This one is coming whether you like it or not. See the follow-ups section — it matters more than the day question does.,src::site reg::respectful known::100,S0077
It was good. / It's good.,,బాగుంది,bāgundi,,"Why you can already say this: it's bāgā (""well,"" Lesson 3) fused with undi (""it is,"" Lesson 1). Telugu doesn't need a separate past tense here — context carries it.",src::site known::100,S0078
"Very good, aunty.",,చాలా బాగుంది అత్తయ్య,chālā bāgundi attayya,,"Why you can already say this: chālā (""very"") plus attayya — the address form of atta from Lesson 4, the word that does double duty for aunt and mother-in-law.",src::site known::100,S0079
There was a lot of work at the office today.,,ఈ రోజు ఆఫీసులో చాలా పని ఉంది,ī rōju āphīsulō chālā pani undi,,"Why you can already say this: -lō is the ""in"" ending, and undi is Lesson 1's ""there is."" Literally: today office-in much work is. No verb conjugation anywhere.",src::site known::100,S0080
I'm a bit tired.,,కొంచెం అలిసిపోయాను,koncheṁ alisipōyānu,,"Learn this as a block. alisipōyānu is past tense with a first-person ending — Lesson 9 territory. You'll take it apart later; for now it's one word. konchaṁ (""a little"") is independently useful and softens almost anything.",src::site known::100,S0081
Today was a bit hard.,,ఈ రోజు కొంచెం కష్టం,ī rōju koncheṁ kaṣṭaṁ,,Why you can already say this: zero copula from Lesson 1 — no verb at all. Today a-little difficulty. kaṣṭaṁ is a high-frequency word worth knowing.,src::site known::100,S0082
It was good — I did a lot of work.,,"బాగుంది, చాలా పని చేసాను","bāgundi, chālā pani chēsānu",,"The direct version. chēsānu is ""I did"" — past tense with the first-person -nu ending you know from unnānu. Memorise it whole for now; Lesson 9 explains the shape.",src::site known::100,S0083
It was good — a lot of work got done.,,"బాగుంది, చాలా పని అయ్యింది","bāgundi, chālā pani ayyindi",,"This is the one I'd actually use. See the note below: Telugu reaches for ""it got done"" far more readily than ""I did it,"" and in a family setting that framing lands better.",src::site known::100,S0084
It was good — a good piece of work got finished.,,"బాగుంది, ఒక మంచి పని పూర్తి అయ్యింది","bāgundi, oka manchi pani pūrti ayyindi",,Look at oka doing exactly its job. This is the deep-dive use: one newly introduced thing the listener doesn't know about yet. Drop it and the sentence goes vague. And manchi is the Lesson 3 “good” — the adjective form of manchidi.,src::site known::100,S0085
How are you? [respectful],,మీరు ఎట్ల ఉన్నారు?,mīru eṭla unnāru?,,"Why you can already say this: mīru from Lesson 1, unnāru is the same existence verb with the respectful ending. The only new piece is eṭla.",src::site reg::respectful known::100,S0086
Is everyone at home well? [respectful],,ఇంట్లో అంతా బాగున్నారా?,iṇṭlō antā bāgunnārā?,,"A very Telugu thing to ask. Enquiring after the whole household rather than the individual is standard and lands as warm. intlō is illu (""house"") plus the -lō you used above.",src::site reg::respectful known::100,S0087
How did your day go? [respectful],,మీ రోజు ఎట్ల గడిచింది?,mī rōju eṭla gaḍichindi?,,"Straight mirroring. Take her question and swap in mī (""your,"" Lesson 5). Reusing someone's own construction back at them is the cheapest fluency trick there is, and it always fits.",src::site reg::respectful known::100,S0088
This nearby woman is Sita.,,ఈమె సీత.,īme sīta.,,,src::site known::100,S0089
Sita is also a student.,,సీత కూడా విద్యార్థి.,sīta kūḍā vidyārthi.,,,src::site known::100,S0090
Produce: “These people are students.”,,వీళ్ళు విద్యార్థులు.,vīḷḷu vidyārthulu.,,,src::site known::100,S0091
That gentleman is a teacher.,,ఆయన టీచర్.,āyana ṭīchar.,,,src::site known::100,S0092
Produce: “This lady is also a teacher.”,,ఈవిడ కూడా టీచర్.,īviḍa kūḍā ṭīchar.,,,src::site known::100,S0093
This is a car.,,ఇది కారు.,idi kāru.,,,src::site known::100,S0094
Change near to far: idi kāru.,,అది కారు.,adi kāru.,,,src::site known::100,S0095
Those people are students.,,వాళ్ళు విద్యార్థులు.,vāḷḷu vidyārthulu.,,,src::site known::100,S0096
“She is a teacher.” Neutral statement of profession.,,ఆమె టీచర్.,āme ṭīchar.,,bare predicate; English “a” does not need translation.,src::site known::100,S0097
“Give me one.” The noun is already understood. [respectful],,ఒకటి ఇవ్వండి.,okaṭi ivvaṇḍi.,,"independent okaṭi, not bare oka. · The item is understood, so independent okaṭi takes its place.",src::site reg::respectful known::100,S0098
"“I bought one book, not two.”",,"నేను ఒక పుస్తకం కొన్నాను, రెండు కాదు.","nēnu oka pustakaṁ konnānu, reṇḍu kādu.",,exact count makes oka meaningful.,src::site known::100,S0099
“The book is on the table.” Both speakers know which book.,,పుస్తకం బల్ల మీద ఉంది.,pustakaṁ balla mīda undi.,,context can identify a bare noun; ā pustakaṁ if you need to point it out. · if both people know which book. A bare noun is not automatically indefinite.,src::site known::100,S0100
one book,,ఒక పుస్తకం,oka pustakaṁ,,or “a book.” Oka modifies the noun that follows it.,src::site known::100,S0101
Take a/one book. [respectful],,ఒక పుస్తకం తీసుకోండి,oka pustakaṁ tīsukōṇḍi,,Context decides how strongly the count matters.,src::site reg::respectful known::100,S0102
I bought a book / the book.,,నేను పుస్తకం కొన్నాను,nēnu pustakaṁ konnānu,,The point may simply be what you bought.,src::site known::100,S0103
I bought a/one book.,,నేను ఒక పుస్తకం కొన్నాను,nēnu oka pustakaṁ konnānu,,"One book is placed into the conversation, especially naturally if you will say more about it.",src::site known::100,S0104
She is a doctor.,,ఆమె డాక్టర్,āme ḍākṭar,,This is the normal classification pattern. English requires a; Telugu does not.,src::site known::100,S0105
She is a good doctor.,,ఆమె ఒక మంచి డాక్టర్,āme oka manchi ḍākṭar,,Oka presents her more deliberately as one member/example of that category. Bare āme manci ḍākṭar is also natural.,src::site known::100,S0106
That book is on the table.,,ఆ పుస్తకం బల్ల మీద ఉంది,ā pustakaṁ balla mīda undi,,"For an identifiable object, a demonstrative such as ā often does the job—not oka.",src::site known::100,S0107
Please wait ten minutes. [respectful],,పది నిమిషాలు ఆగండి,padi nimiṣālu āgaṇḍi,,The quantity is presented directly.,src::site reg::respectful known::100,S0108
Please wait about ten minutes. [respectful],,ఒక పది నిమిషాలు ఆగండి,oka padi nimiṣālu āgaṇḍi,,"In contemporary speech, oka can soften a following quantity into an estimate.",src::site reg::respectful known::100,S0109
I am; I drank,,నేను,nēnu,,,src::site src::book1000 known::100,S0110
I gave; I gave it,,నేనుఇచ్చాను,nēnuichchānu,,,src::site src::book1000 known::100,S0111
You go,,నువ్వువెళ్ళు,nuvvuveḷḷu,,,src::site src::book1000 known::100,S0112
I know,,నాకుతెలుసు,nākutelusu,,,src::site src::book1000 known::100,S0113
Why me ?,,నేనుఎందుకు?,nēnuenduku?,,,src::site src::book1000 known::100,S0114
So am I,,నేనుకూడా,nēnukūḍā,,,src::site src::book1000 known::100,S0115
I wrote,,నేనువ్రాసాను,nēnuvrāsānu,,,src::site src::book1000 known::100,S0116
Not bad,,చెడుకాదు,cheḍukādu,,,src::site src::book1000 known::100,S0117
Not yet,,ఇంకా లేదు,inkā lēdu,,,src::site src::book1000 known::100,S0118
Hold on [respectful],,పట్టుకోండి,paṭṭukōṇḍi,,,src::site src::book1000 reg::respectful known::100,S0119
It's me,,ಅದಿ ನನ,ಅದಿ ನನ,,,src::site src::book1000 known::100,S0120
Come in [respectful],,లోపలికి రండి,lōpaliki raṇḍi,,,src::site src::book1000 reg::respectful known::100,S0121
Go back [respectful],,వెనక్కి వెళ్ళండి,venakki veḷḷaṇḍi,,,src::site src::book1000 reg::respectful known::100,S0122
I do it; I will do it,,నేనుచేస్తాను,nēnuchēstānu,,,src::site src::book1000 known::100,S0123
We went,,మేమువెళ్ళాము,mēmuveḷḷāmu,,,src::site src::book1000 known::100,S0124
Go away [respectful],,వెళ్లిపోండి,veḷlipōṇḍi,,,src::site src::book1000 reg::respectful known::100,S0125
Take it [respectful],,తీసుకోండి,tīsukōṇḍi,,,src::site src::book1000 reg::respectful known::100,S0126
Got it ?,,అర్థమైందా?,arthamaindā?,,,src::site src::book1000 known::100,S0127
Let's go; Let's go !,,వెళాం,veḷāṁ,,,src::site src::book1000 known::100,S0128
I opened,,నేనుతెరిచాను,nēnuterichānu,,,src::site src::book1000 known::100,S0129
Why not ?,,ఎందుకుకాదు,endukukādu,,,src::site src::book1000 known::100,S0130
So did I,,నేనుఅలా చేసాను,nēnualā chēsānu,,,src::site src::book1000 known::100,S0131
Just now,,ఇప్పుడే,ippuḍē,,,src::site src::book1000 known::100,S0132
You gave,,మీరుఇచ్చారు,mīruichchāru,,,src::site src::book1000 known::100,S0133
They saw,,వారుచూశారు,vāruchūśāru,,,src::site src::book1000 known::100,S0134
Not that,,అది కాదు,adi kādu,,,src::site src::book1000 known::100,S0135
Not this,,ఇది కాదు,idi kādu,,,src::site src::book1000 known::100,S0136
Hurry up,,త్వరగా,tvaragā,,,src::site src::book1000 known::100,S0137
Step out [respectful],,బయటకి వెళ్ళండి,bayaṭaki veḷḷaṇḍi,,,src::site src::book1000 reg::respectful known::100,S0138
Have fun [respectful],,ఆనందించండి,ānandinchaṇḍi,,,src::site src::book1000 reg::respectful known::100,S0139
I did it,,నేనుచేసాను,nēnuchēsānu,,,src::site src::book1000 known::100,S0140
Sit here [respectful],,ఇక్కడకూర్చోండి,ikkaḍakūrchōṇḍi,,,src::site src::book1000 reg::respectful known::100,S0141
Run fast [respectful],,వేగంగా పరిగెత్తండి,vēgangā parigettaṇḍi,,,src::site src::book1000 reg::respectful known::100,S0142
And you ?,,మరియుమీరు,mariyumīru,,,src::site src::book1000 known::100,S0143
Remember,,గుర్తు,gurtu,,,src::site src::book1000 known::100,S0144
Be quiet [respectful],,నిశ్సబ్దంగాఉండండి,niśsabdangāuṇḍaṇḍi,,,src::site src::book1000 reg::respectful known::100,S0145
Trust me [respectful],,నన్నునమ్మండి,nannunammaṇḍi,,,src::site src::book1000 reg::respectful known::100,S0146
He walks,,అయననడుస్తారు,ayananaḍustāru,,,src::site src::book1000 known::100,S0147
Clean it [respectful],,శుభ్రంచేయండి,śubhranchēyaṇḍi,,,src::site src::book1000 reg::respectful known::100,S0148
Really ?,,నిజంగా?,nijangā?,,,src::site src::book1000 known::100,S0149
Be ready [respectful],,సిద్ధంగాఉండండి,siddhangāuṇḍaṇḍi,,,src::site src::book1000 reg::respectful known::100,S0150
Too bad !,,చాలా చెడ్డది,chālā cheḍḍadi,,,src::site src::book1000 known::100,S0151
I am not,,నేనుకాదు,nēnukādu,,,src::site src::book1000 known::100,S0152
Leave it [respectful],,వదిలేయండి,vadilēyaṇḍi,,,src::site src::book1000 reg::respectful known::100,S0153
Stand up ! [respectful],,నిలబడండి !,nilabaḍaṇḍi !,,,src::site src::book1000 reg::respectful known::100,S0154
Who said ?,,ఎవరుచెప్పారు?,evarucheppāru?,,,src::site src::book1000 known::100,S0155
Who goes ?; Who will go ?,,ఎవరువెళ్తారు?,evaruveḷtāru?,,,src::site src::book1000 known::100,S0156
Here I am; I am here,,నేనుఇక్కడఉన్నాను,nēnuikkaḍaunnānu,,,src::site src::book1000 known::100,S0157
Over here,,ఇక్కడ,ikkaḍa,,,src::site src::book1000 known::100,S0158
I am hurt,,నేనుఅలిగాను,nēnualigānu,,,src::site src::book1000 known::100,S0159
Do it now [respectful],,ఇప్పుడేచేయండి,ippuḍēchēyaṇḍi,,,src::site src::book1000 reg::respectful known::100,S0160
I am only,,నేనుమాత్రమే,nēnumātramē,,,src::site src::book1000 known::100,S0161
It's easy,,ఇది సులభం,idi sulabhaṁ,,,src::site src::book1000 known::100,S0162
It's hard; It is difficult,,అది కష్టం,adi kaṣṭaṁ,,,src::site src::book1000 known::100,S0163
Come soon [respectful],,త్వరగా రండి,tvaragā raṇḍi,,,src::site src::book1000 reg::respectful known::100,S0164
Let me go [respectful],,నన్నువెళ్లనివ్వండి,nannuveḷlanivvaṇḍi,,,src::site src::book1000 reg::respectful known::100,S0165
Who came ?,,ఎవరువచ్చారు,evaruvachchāru,,,src::site src::book1000 known::100,S0166
She spoke,,ఆవిడమాట్లాడారు,āviḍamāṭlāḍāru,,,src::site src::book1000 known::100,S0167
Don't hit [respectful],,కొట్టకండి,koṭṭakaṇḍi,,,src::site src::book1000 reg::respectful known::100,S0168
Look here [respectful],,ఇక్కడచూడండి,ikkaḍachūḍaṇḍi,,,src::site src::book1000 reg::respectful known::100,S0169
Walk slowly [respectful],,నెమ్మదిగా నడవండి,nemmadigā naḍavaṇḍi,,,src::site src::book1000 reg::respectful known::100,S0170
See there [respectful],,అక్కడచూడండి,akkaḍachūḍaṇḍi,,,src::site src::book1000 reg::respectful known::100,S0171
I am lost,,నేనుతప్పిపోయాను,nēnutappipōyānu,,,src::site src::book1000 known::100,S0172
Slow down [respectful],,వేగంతగ్గించండి,vēgantagginchaṇḍi,,,src::site src::book1000 reg::respectful known::100,S0173
I'm eight,,నాకుఎనిమిది సంవత్సరాలు,nākuenimidi saṁvatsarālu,,,src::site src::book1000 known::100,S0174
It's 6:30 pm,,సాయంత్రం6:30 గంటలు,sāyantraṁ6:30 gaṇṭalu,,,src::site src::book1000 known::100,S0175
I got sad; I'm feeling sad,,నాకుబాధగా ఉంది,nākubādhagā undi,,,src::site src::book1000 known::100,S0176
Get ready [respectful],,సిద్దంగాఉండండి,siddangāuṇḍaṇḍi,,,src::site src::book1000 reg::respectful known::100,S0177
Chala bagundi; Very nice !,,చాలా బాగుంది,chālā bāgundi,,,src::site src::book1000 known::100,S0178
Let it be [respectful],,అలా ఉండనివ్వండి,alā uṇḍanivvaṇḍi,,,src::site src::book1000 reg::respectful known::100,S0179
Yes or no ?,,అవునా లేదా,avunā lēdā,,,src::site src::book1000 known::100,S0180
Good noon !,,శుభమధ్యాహ్నం,śubhamadhyāhnaṁ,,,src::site src::book1000 known::100,S0181
All right !,,అయితే సరే,ayitē sarē,,,src::site src::book1000 known::100,S0182
Very good !,,చాలా మంచిది,chālā manchidi,,,src::site src::book1000 known::100,S0183
Who knows ?,,ఎవరికీ తెలుసు,evarikī telusu,,,src::site src::book1000 known::100,S0184
May I sit ?; May I sit down ?,,నేనుకూర్చోవచ్చా?,nēnukūrchōvachchā?,,,src::site src::book1000 known::100,S0185
I am ready,,నేనుసిద్ధంగా ఉన్నాను,nēnusiddhangā unnānu,,,src::site src::book1000 known::100,S0186
Had lunch ?,,భోజనంచేసారా,bhōjananchēsārā,,,src::site src::book1000 known::100,S0187
Please sit [respectful],,దయచేసి కూర్చోండి,dayachēsi kūrchōṇḍi,,,src::site src::book1000 reg::respectful known::100,S0188
I gotta go; I have to go,,నేనువెళ్ళాలి,nēnuveḷḷāli,,,src::site src::book1000 known::100,S0189
I am bored,,నేనువిసుగుచెందాను,nēnuvisuguchendānu,,,src::site src::book1000 known::100,S0190
Who is he ?,,అయనఎవరు,ayanaevaru,,,src::site src::book1000 known::100,S0191
"Yes , it is",,అవునుఅదే,avunuadē,,,src::site src::book1000 known::100,S0192
What's up ?,,ఏమిటి సంగతులు,ēmiṭi sangatulu,,,src::site src::book1000 known::100,S0193
I don't go; I shall not go,,నేనువెళ్ళను,nēnuveḷḷanu,,,src::site src::book1000 known::100,S0194
Here it is,,ఇదిగో,idigō,,,src::site src::book1000 known::100,S0195
He will do,,అయనచేస్తారు,ayanachēstāru,,,src::site src::book1000 known::100,S0196
Look at me [respectful],,నన్నుచుడండి,nannuchuḍaṇḍi,,,src::site src::book1000 reg::respectful known::100,S0197
You may go,,మీరువెళ్ళవచ్చు,mīruveḷḷavachchu,,,src::site src::book1000 known::100,S0198
I like her,,నాకుఆమె ఇష్టము,nākuāme iṣṭamu,,,src::site src::book1000 known::100,S0199
I'm single,,నేనుఒంటరిగా ఉన్నాను,nēnuoṇṭarigā unnānu,,,src::site src::book1000 known::100,S0200
I remember,,నాకుగుర్తుంది,nākugurtundi,,,src::site src::book1000 known::100,S0201
I am tired,,నేనుఅలసిపోయాను,nēnualasipōyānu,,,src::site src::book1000 known::100,S0202
I am great,,నేనుభేషుగ్గా ఉన్నాను,nēnubhēṣuggā unnānu,,,src::site src::book1000 known::100,S0203
Let me see; Let me check [respectful],,నన్నుచుడనివ్వండి,nannuchuḍanivvaṇḍi,,,src::site src::book1000 reg::respectful known::100,S0204
No problem [respectful],,ఏమి ఇబ్బంది లేదు,ēmi ibbandi lēdu,,,src::site src::book1000 reg::respectful known::100,S0205
This is me,,ಇದಿ ನೆನ,ಇದಿ ನೆನ,,,src::site src::book1000 known::100,S0206
Let's walk,,అలా నడుద్దామా,alā naḍuddāmā,,,src::site src::book1000 known::100,S0207
How was it ?,,అది ఎలా ఉంది ?,adi elā undi ?,,,src::site src::book1000 known::100,S0208
I will open,,నేనుతెరుసాను,nēnuterusānu,,,src::site src::book1000 known::100,S0209
Look at me! [respectful],,నను చుడండి,nanu chuḍaṇḍi,,,src::site src::book1000 reg::respectful known::100,S0210
Good night!,,శుభరాత్రత,śubharātrata,,,src::site src::book1000 known::100,S0211
Why not me?,,నేనుఎందుకుకాదు?,nēnuendukukādu?,,,src::site src::book1000 known::100,S0212
Who danced?,,ఎవరునృతంచేశారు?,evarunṛtanchēśāru?,,,src::site src::book1000 known::100,S0213
Who did it?,,దీనిని ఎవరుచేశారు?,dīnini evaruchēśāru?,,,src::site src::book1000 known::100,S0214
He ate soon,,అయనవెంటనే తనారు,ayanaveṇṭanē tanāru,,,src::site src::book1000 known::100,S0215
I can do it,,నేనుచేయగలను,nēnuchēyagalanu,,,src::site src::book1000 known::100,S0216
I may do it,,నేనుచేయవచు,nēnuchēyavachu,,,src::site src::book1000 known::100,S0217
That's true,,అది నిజం,adi nijaṁ,,,src::site src::book1000 known::100,S0218
"No, I don't",,లేదునేనుచేయను,lēdunēnuchēyanu,,,src::site src::book1000 known::100,S0219
Don't trust [respectful],,నమ్మకండి,nammakaṇḍi,,,src::site src::book1000 reg::respectful known::100,S0220
Nobody gave,,ఎవరూఇవ్వలేదు,evarūivvalēdu,,,src::site src::book1000 known::100,S0221
I am hungry,,నాకుఆకలిగా ఉంది,nākuākaligā undi,,,src::site src::book1000 known::100,S0222
Who is she ?,,ఆవిడఎవరు?,āviḍaevaru?,,,src::site src::book1000 known::100,S0223
Step inside,,లోపలికి అడుగు,lōpaliki aḍugu,,,src::site src::book1000 known::100,S0224
Write to me [respectful],,నాకురాయండి,nākurāyaṇḍi,,,src::site src::book1000 reg::respectful known::100,S0225
Just coming,,ఇప్పుడే వస్తోంది,ippuḍē vastōndi,,,src::site src::book1000 known::100,S0226
He is short [respectful],,అయనపొట్టిగాఉన్నారు,ayanapoṭṭigāunnāru,,,src::site src::book1000 reg::respectful known::100,S0227
It was here,,ఇది ఇక్కడఉండే,idi ikkaḍauṇḍē,,,src::site src::book1000 known::100,S0228
Don't drink [respectful],,తాగకండి,tāgakaṇḍi,,,src::site src::book1000 reg::respectful known::100,S0229
Welcome sir,,స్వాగతంసార్,svāgataṁsār,,,src::site src::book1000 known::100,S0230
Shall we go; Shall we go ?,,మనంవెళ్లామా,manaṁveḷlāmā,,,src::site src::book1000 known::100,S0231
Put it down [respectful],,కిందపెట్టండి,kindapeṭṭaṇḍi,,,src::site src::book1000 reg::respectful known::100,S0232
I still eat,,నేనుఇంకా తింటాను,nēnuinkā tiṇṭānu,,,src::site src::book1000 known::100,S0233
I'm worried,,నేనుచింతిస్తున్నాను,nēnuchintistunnānu,,,src::site src::book1000 known::100,S0234
I trust you [respectful],,మీ మీదనాకునమ్మకంఉంది,mī mīdanākunammakaṁundi,,,src::site src::book1000 reg::respectful known::100,S0235
I'm leaving; I am leaving,,నేనుబయలుదేరుతున్నాను,nēnubayaludērutunnānu,,,src::site src::book1000 known::100,S0236
Did you go ?,,మీరువెళ్ళారా?,mīruveḷḷārā?,,,src::site src::book1000 known::100,S0237
"Yes , I went",,అవునునేనువెళ్ళాను,avununēnuveḷḷānu,,,src::site src::book1000 known::100,S0238
It is salty,,ఇది ఉప్పుగా ఉంది,idi uppugā undi,,,src::site src::book1000 known::100,S0239
Okay Doctor,,సరే డాక్టర్,sarē ḍākṭar,,,src::site src::book1000 known::100,S0240
Start a job [respectful],,ఉద్యోగంప్రారంభించండి,udyōgamprārambhinchaṇḍi,,,src::site src::book1000 reg::respectful known::100,S0241
Let them go [respectful],,వాళ్ళని వెళ్లనివ్వండి,vāḷḷani veḷlanivvaṇḍi,,,src::site src::book1000 reg::respectful known::100,S0242
Smile a lot [respectful],,చాలా నవ్వండి,chālā navvaṇḍi,,,src::site src::book1000 reg::respectful known::100,S0243
Wait for me [respectful],,నా కోసంఆగండి,nā kōsaṁāgaṇḍi,,,src::site src::book1000 reg::respectful known::100,S0244
"I say , stop [respectful]",,నేనుచెబుతున్నఆపండి,nēnuchebutunnaāpaṇḍi,,,src::site src::book1000 reg::respectful known::100,S0245
I didn't go,,నేనువెళ్ళలేదు,nēnuveḷḷalēdu,,,src::site src::book1000 known::100,S0246
Is that me ?,,ಅದಿ ನೆನನ್?,ಅದಿ ನೆನನ್?,,,src::site src::book1000 known::100,S0247
Be cautious [respectful],,జాగ్రత్తగాఉండండి,jāgrattagāuṇḍaṇḍi,,,src::site src::book1000 reg::respectful known::100,S0248
I am thirsty,,నాకుదాహంవేస్తోంది,nākudāhaṁvēstōndi,,,src::site src::book1000 known::100,S0249
I am opening,,నేనుతెరుస్తున్నాను,nēnuterustunnānu,,,src::site src::book1000 known::100,S0250
Has he come ?,,అయనవచ్చారా?,ayanavachchārā?,,,src::site src::book1000 known::100,S0251
Neither am I,,నేనుకూడా కాదు,nēnukūḍā kādu,,,src::site src::book1000 known::100,S0252
Did you try ?,,మీరుప్రయత్నించారా?,mīruprayatninchārā?,,,src::site src::book1000 known::100,S0253
Who does it ?,,ఎవరుచేస్తారు?,evaruchēstāru?,,,src::site src::book1000 known::100,S0254
Was he sent ?,,అయనపంపబడ్డారా?,ayanapampabaḍḍārā?,,,src::site src::book1000 known::100,S0255
Is he loved ?,,అయనప్రేమించబడ్డారా?,ayanaprēminchabaḍḍārā?,,,src::site src::book1000 known::100,S0256
I must do it,,నేనుతప్పకచేయాలి,nēnutappakachēyāli,,,src::site src::book1000 known::100,S0257
See you then,,మరలా కలుద్దాం,maralā kaluddāṁ,,,src::site src::book1000 known::100,S0258
I am writing,,నేనురాస్తున్నాను,nēnurāstunnānu,,,src::site src::book1000 known::100,S0259
Why so late ?,,ఎందుకుఅంతఆలస్యం?,endukuantaālasyaṁ?,,,src::site src::book1000 known::100,S0260
Just imagine [respectful],,కేవలంఊహించుకోండి,kēvalaṁūhinchukōṇḍi,,,src::site src::book1000 reg::respectful known::100,S0261
What's next ?,,తరవాతఏంటి ?,taravātaēṇṭi ?,,,src::site src::book1000 known::100,S0262
I'm studying; I am studying,,నేనుచదువుకుంటున్నాను,nēnuchaduvukuṇṭunnānu,,,src::site src::book1000 known::100,S0263
I won't play,,నేనుఆడను,nēnuāḍanu,,,src::site src::book1000 known::100,S0264
I brought it,,నేనుతెచ్చాను,nēnutechchānu,,,src::site src::book1000 known::100,S0265
You don't go,,మీరువెళ్లరు,mīruveḷlaru,,,src::site src::book1000 known::100,S0266
You are boys,,మీరుఅబ్బాయిలే,mīruabbāyilē,,,src::site src::book1000 known::100,S0267
We are girls,,మేముఅమ్మాయిలు,mēmuammāyilu,,,src::site src::book1000 known::100,S0268
"No , It's not",,"కాదు, అది కానేకాదు","kādu, adi kānēkādu",,,src::site src::book1000 known::100,S0269
Stop talking [respectful],,మాట్లాడటంఆపండి,māṭlāḍaṭaṁāpaṇḍi,,,src::site src::book1000 reg::respectful known::100,S0270
I am cooking,,నేనువండుతున్నాను,nēnuvaṇḍutunnānu,,,src::site src::book1000 known::100,S0271
Drive Slowly [respectful],,నెమ్మదిగా నడపండి,nemmadigā naḍapaṇḍi,,,src::site src::book1000 reg::respectful known::100,S0272
Where is it ?,,అది ఎక్కడఉంది ?,adi ekkaḍaundi ?,,,src::site src::book1000 known::100,S0273
What is this ?,,ఇది ఏమిటి?,idi ēmiṭi?,,,src::site src::book1000 known::100,S0274
Don't go now [respectful],,ఇప్పుడువెళ్ళకండి,ippuḍuveḷḷakaṇḍi,,,src::site src::book1000 reg::respectful known::100,S0275
I had coffee,,నేనుకాఫీ తాగాను,nēnukāphī tāgānu,,,src::site src::book1000 known::100,S0276
He called me,,అతనునన్నుపిలిచారు.,atanunannupilichāru.,,,src::site src::book1000 known::100,S0277
I need a pen,,నాకుకలంకావాలి,nākukalankāvāli,,,src::site src::book1000 known::100,S0278
Is he there ? [respectful],,అయనఅక్కడఉన్నారా?,ayanaakkaḍaunnārā?,,,src::site src::book1000 reg::respectful known::100,S0279
I have a son,,నాకుఒకకుమారుడుఉన్నాడు,nākuokakumāruḍuunnāḍu,,,src::site src::book1000 known::100,S0280
Are you sad ? [respectful],,మీరుబాధలో ఉన్నారా?,mīrubādhalō unnārā?,,,src::site src::book1000 reg::respectful known::100,S0281
I am running,,నేనుపరిగెడుతున్నాను,nēnuparigeḍutunnānu,,,src::site src::book1000 known::100,S0282
Stop staring [respectful],,చూడటంఆపండి,chūḍaṭaṁāpaṇḍi,,,src::site src::book1000 reg::respectful known::100,S0283
That's right; That's right !,,అది సరైనది,adi sarainadi,,,src::site src::book1000 known::100,S0284
I don't care,,నేనుపట్టించుకోను,nēnupaṭṭinchukōnu,,,src::site src::book1000 known::100,S0285
I don't mind,,నేనుపట్టించుకోవడంలేదు,nēnupaṭṭinchukōvaḍaṁlēdu,,,src::site src::book1000 known::100,S0286
I'm not sure,,నాకుఖచ్చితంగా తెలియదు,nākukhachchitangā teliyadu,,,src::site src::book1000 known::100,S0287
Here you are [respectful],,ఇక్కడఉన్నారు మీరు,ikkaḍaunnāru mīru,,,src::site src::book1000 reg::respectful known::100,S0288
Is ready ?,,ఇది సిద్ధంగా ఉందా?,idi siddhangā undā?,,,src::site src::book1000 known::100,S0289
Wash the car [respectful],,కారుకడగండి,kārukaḍagaṇḍi,,,src::site src::book1000 reg::respectful known::100,S0290
"Yes , I begin",,అవునునేనుప్రారంభిస్తాను,avununēnuprārambhistānu,,,src::site src::book1000 known::100,S0291
is it clean ?,,ఇది శుభ్రంగాఉందా?,idi śubhrangāundā?,,,src::site src::book1000 known::100,S0292
I understood,,అర్థమైంది,arthamaindi,,,src::site src::book1000 known::100,S0293
I play hrs,,నేనురెండుగంటలుఆడుతాను,nēnureṇḍugaṇṭaluāḍutānu,,,src::site src::book1000 known::100,S0294
Nothing much,,పెద్దగా ఏమీ లేదు,peddagā ēmī lēdu,,,src::site src::book1000 known::100,S0295
That will do,,అది సరిపోతుంది,adi saripōtundi,,,src::site src::book1000 known::100,S0296
Speak slowly [respectful],,నెమ్మదిగా మాట్లాడండి,nemmadigā māṭlāḍaṇḍi,,,src::site src::book1000 reg::respectful known::100,S0297
Go and sleep [respectful],,వెళ్లినిద్రపోండి,veḷlinidrapōṇḍi,,,src::site src::book1000 reg::respectful known::100,S0298
It's raining,,వర్షంపడుతుంది ఇది సూర్యోదయము,varṣampaḍutundi idi sūryōdayamu,,,src::site src::book1000 known::100,S0299
You are good,,మీరుమంచి వారు,mīrumanchi vāru,,,src::site src::book1000 known::100,S0300
He had a pen,,అయనవద్దఒకకలంఉంది,ayanavaddaokakalaṁundi,,,src::site src::book1000 known::100,S0301
We are yours,,మేముమీకే,mēmumīkē,,,src::site src::book1000 known::100,S0302
I didn't say,,నేనుచెప్పలేదు,nēnucheppalēdu,,,src::site src::book1000 known::100,S0303
It's my will,,ఇది నా సంకల్పం,idi nā sankalpaṁ,,,src::site src::book1000 known::100,S0304
I will study,,నేనుచదువుతాను,nēnuchaduvutānu,,,src::site src::book1000 known::100,S0305
This is too much,,ఇది చాలా ఎక్కువ,idi chālā ekkuva,,,src::site src::book1000 known::100,S0306
I am smiling; I am laughing,,నేనునవ్వుతున్నాను,nēnunavvutunnānu,,,src::site src::book1000 known::100,S0307
Let me speak [respectful],,నన్నుమాట్లాడనివ్వండి,nannumāṭlāḍanivvaṇḍi,,,src::site src::book1000 reg::respectful known::100,S0308
He is my cat,,అతనునా పిల్లి,atanunā pilli,,,src::site src::book1000 known::100,S0309
He is asleep [respectful],,అయననిద్రపోతున్నారు,ayananidrapōtunnāru,,,src::site src::book1000 reg::respectful known::100,S0310
I took hrs,,నేనురెండ్గంటలుతీసుకున్నాను,nēnureṇḍgaṇṭalutīsukunnānu,,,src::site src::book1000 known::100,S0311
I have a car,,నాకుకారుఉంది,nākukāruundi,,,src::site src::book1000 known::100,S0312
Not to worry [respectful],,చింతించకండి,chintinchakaṇḍi,,,src::site src::book1000 reg::respectful known::100,S0313
He is unwell [respectful],,అయనఅనారోగ్యంతో ఉన్నారు,ayanaanārōgyantō unnāru,,,src::site src::book1000 reg::respectful known::100,S0314
I was scared,,నేనుభయపడ్డాను,nēnubhayapaḍḍānu,,,src::site src::book1000 known::100,S0315
I am doing it; I was doing it,,నేనుచేస్తున్నాను,nēnuchēstunnānu,,,src::site src::book1000 known::100,S0316
"Yes , I am sad",,అవునునేనువిచారంగా ఉన్నాను,avununēnuvichārangā unnānu,,,src::site src::book1000 known::100,S0317
I have a cold,,నాకుజలుబుచేసింది,nākujalubuchēsindi,,,src::site src::book1000 known::100,S0318
I don't open,,నేనుతెరవను,nēnuteravanu,,,src::site src::book1000 known::100,S0319
I didn't open,,నేనుతెరవలేదు,nēnuteravalēdu,,,src::site src::book1000 known::100,S0320
He is opening [respectful],,అయనతెరుస్తున్నారు,ayanaterustunnāru,,,src::site src::book1000 reg::respectful known::100,S0321
Good morning !,,శుభోదయం,śubhōdayaṁ,,,src::site src::book1000 known::100,S0322
Good evening !,,శుభసాయంత్రం,śubhasāyantraṁ,,,src::site src::book1000 known::100,S0323
Neither can I,,నేనుచేయలేను,nēnuchēyalēnu,,,src::site src::book1000 known::100,S0324
Who are you ??,,మీరుఎవరు?,mīruevaru?,,,src::site src::book1000 known::100,S0325
Will it rain ?,,వర్షంపడుతుందా?,varṣampaḍutundā?,,,src::site src::book1000 known::100,S0326
Don't hurt me [respectful],,నన్నుభాదించకండి,nannubhādinchakaṇḍi,,,src::site src::book1000 reg::respectful known::100,S0327
I can give it,,నేనుఇవ్వగలను,nēnuivvagalanu,,,src::site src::book1000 known::100,S0328
Come let's go [respectful],,రండి వెళ్లాం,raṇḍi veḷlāṁ,,,src::site src::book1000 reg::respectful known::100,S0329
I was writing,,నేనువ్రాస్తున్నాను,nēnuvrāstunnānu,,,src::site src::book1000 known::100,S0330
It's not good; It's not nice,,ఇది మంచిది కాదు,idi manchidi kādu,,,src::site src::book1000 known::100,S0331
Lock the door [respectful],,తలుపుకితాళంవేయండి,talupukitāḷaṁvēyaṇḍi,,,src::site src::book1000 reg::respectful known::100,S0332
You tell once [respectful],,మీరుఒకసారి చెప్పండి,mīruokasāri cheppaṇḍi,,,src::site src::book1000 reg::respectful known::100,S0333
I don't drink,,నేనుతాగను,nēnutāganu,,,src::site src::book1000 known::100,S0334
They are fine,,అవి బాగున్నాయి,avi bāgunnāyi,,,src::site src::book1000 known::100,S0335
Where are we ?,,మనంఎక్కడఉన్నాము?,manaṁekkaḍaunnāmu?,,,src::site src::book1000 known::100,S0336
Where is she ? [respectful],,ఆవిడా ఎక్కడఉన్నారు?,āviḍā ekkaḍaunnāru?,,,src::site src::book1000 reg::respectful known::100,S0337
I need a taxi,,నాకుటాక్సీ కావాలి,nākuṭāksī kāvāli,,,src::site src::book1000 known::100,S0338
I am new here,,నేనుఇక్కడకొత్తగా వచ్చాను,nēnuikkaḍakottagā vachchānu,,,src::site src::book1000 known::100,S0339
Read the book [respectful],,పుస్తకంచదవండి,pustakanchadavaṇḍi,,,src::site src::book1000 reg::respectful known::100,S0340
Stop doing it [respectful],,చేయడంఆపండి,chēyaḍaṁāpaṇḍi,,,src::site src::book1000 reg::respectful known::100,S0341
Stop dreaming [respectful],,కలలుకనడంఆపండి,kalalukanaḍaṁāpaṇḍi,,,src::site src::book1000 reg::respectful known::100,S0342
Keep it ready [respectful],,సిద్ధంగాఉంచండి,siddhangāunchaṇḍi,,,src::site src::book1000 reg::respectful known::100,S0343
Keep it going [respectful],,కొనసాగించండి,konasāginchaṇḍi,,,src::site src::book1000 reg::respectful known::100,S0344
Don't fool me [respectful],,నన్నుమోసంచేయకండి,nannumōsanchēyakaṇḍi,,,src::site src::book1000 reg::respectful known::100,S0345
I don't know,,నాకుతెలియదు,nākuteliyadu,,,src::site src::book1000 known::100,S0346
Kindly see it [respectful],,దయతో చూడండి,dayatō chūḍaṇḍi,,,src::site src::book1000 reg::respectful known::100,S0347
You are wrong,,మీరుతప్పు,mīrutappu,,,src::site src::book1000 known::100,S0348
What do I do ?,,నేనుఏమి చెయ్యాలి?,nēnuēmi cheyyāli?,,,src::site src::book1000 known::100,S0349
Repeat please [respectful],,దయచేసి మళ్ళీ చెప్పండి,dayachēsi maḷḷī cheppaṇḍi,,,src::site src::book1000 reg::respectful known::100,S0350
I go with him,,నేనుఆయనతో వెళ్తాను,nēnuāyanatō veḷtānu,,,src::site src::book1000 known::100,S0351
It is raining,,వర్షంపడుతోంది,varṣampaḍutōndi,,,src::site src::book1000 known::100,S0352
I need a room,,నాకుఒకగది కావాలి,nākuokagadi kāvāli,,,src::site src::book1000 known::100,S0353
I give my pen,,నేనునా కలంఇస్తాను,nēnunā kalaṁistānu,,,src::site src::book1000 known::100,S0354
I prefer milk,,నేనుపాలనుఇష్టపడతాను,nēnupālanuiṣṭapaḍatānu,,,src::site src::book1000 known::100,S0355
Try to say it [respectful],,చెప్పడానికి ప్రయత్నించండి,cheppaḍāniki prayatninchaṇḍi,,,src::site src::book1000 reg::respectful known::100,S0356
What's wrong ?,,తప్పుఏంటి?,tappuēṇṭi?,,,src::site src::book1000 known::100,S0357
It is snowing,,మంచుపడుతున్నది,manchupaḍutunnadi,,,src::site src::book1000 known::100,S0358
Shall I wait ?,,నేనువేచి ఉండాలా?,nēnuvēchi uṇḍālā?,,,src::site src::book1000 known::100,S0359
Mop the floor [respectful],,నేలతుదచండి,nēlatudachaṇḍi,,,src::site src::book1000 reg::respectful known::100,S0360
I need a bath,,నేనుస్నానంచేయాలి,nēnusnānanchēyāli,,,src::site src::book1000 known::100,S0361
Do you begin ?,,మీరుప్రారంభిస్తారా?,mīruprārambhistārā?,,,src::site src::book1000 known::100,S0362
Do what I say [respectful],,నేనుచెప్పేదిచేయండి,nēnucheppēdichēyaṇḍi,,,src::site src::book1000 reg::respectful known::100,S0363
I play soccer,,నేనుసాకర్ ఆడుతాను,nēnusākar āḍutānu,,,src::site src::book1000 known::100,S0364
Do you smoke ?,,మీరుపొగత్రాగుతారా?,mīrupogatrāgutārā?,,,src::site src::book1000 known::100,S0365
I want to eat,,నాకుతినాలని ఉంది,nākutinālani undi,,,src::site src::book1000 known::100,S0366
Speak quickly [respectful],,త్వరగా మాట్లాడండి,tvaragā māṭlāḍaṇḍi,,,src::site src::book1000 reg::respectful known::100,S0367
Learn driving [respectful],,డ్రైవింగ్ నేర్చుకోండి,ḍraiving nērchukōṇḍi,,,src::site src::book1000 reg::respectful known::100,S0368
That is a boy,,అది అబ్బాయి,adi abbāyi,,,src::site src::book1000 known::100,S0369
He was asleep,,అయననిద్రపోయారు,ayananidrapōyāru,,,src::site src::book1000 known::100,S0370
She was tired,,ఆవిడఅలసిపోయారు,āviḍaalasipōyāru,,,src::site src::book1000 known::100,S0371
Help the poor [respectful],,పేదవారికి సహాయంచేయండి,pēdavāriki sahāyanchēyaṇḍi,,,src::site src::book1000 reg::respectful known::100,S0372
Comb the hair [respectful],,జుట్టుదువ్వుకోండి,juṭṭuduvvukōṇḍi,,,src::site src::book1000 reg::respectful known::100,S0373
Love yourself,,నిన్నునువ్వుప్రేమించు,ninnunuvvuprēminchu,,,src::site src::book1000 known::100,S0374
Have patience [respectful],,ఓపికకలిగిఉండండి,ōpikakaligiuṇḍaṇḍi,,,src::site src::book1000 reg::respectful known::100,S0375
You amazed,,మీరునన్నుఆశ్చర్యపరిచారు,mīrunannuāścharyaparichāru,,,src::site src::book1000 known::100,S0376
You are lying [respectful],,మీరుఅబధంచెప్తున్నారు,mīruabadhancheptunnāru,,,src::site src::book1000 reg::respectful known::100,S0377
You let us go [respectful],,మీరుమమ్మల్ని వెళ్లనివ్వండి,mīrumammalni veḷlanivvaṇḍi,,,src::site src::book1000 reg::respectful known::100,S0378
I have my car,,నా దగ్గరకారుఉంది,nā daggarakāruundi,,,src::site src::book1000 known::100,S0379
He forgave me,,అయననన్నుక్షమించారు,ayananannukṣaminchāru,,,src::site src::book1000 known::100,S0380
You look good [respectful],,మీరుచాలా బాగా ఉన్నారు,mīruchālā bāgā unnāru,,,src::site src::book1000 reg::respectful known::100,S0381
See you again,,మళ్ళీ కలుద్దాం,maḷḷī kaluddāṁ,,,src::site src::book1000 known::100,S0382
I am teaching,,నేనుబోధిస్తున్నాను,nēnubōdhistunnānu,,,src::site src::book1000 known::100,S0383
He is weeping [respectful],,అయనఏడుస్తున్నారు,ayanaēḍustunnāru,,,src::site src::book1000 reg::respectful known::100,S0384
I am learning,,నేనునేర్చుకుంటున్నాను,nēnunērchukuṇṭunnānu,,,src::site src::book1000 known::100,S0385
I sell apples,,నేనుయాపిల్ పండ్లుఅమ్ముతాను,nēnuyāpil paṇḍluammutānu,,,src::site src::book1000 known::100,S0386
Here is a pen,,ఇక్కడఒకకలంఉంది,ikkaḍaokakalaṁundi,,,src::site src::book1000 known::100,S0387
Shall we eat ?,,మనంతిందామా?,manantindāmā?,,,src::site src::book1000 known::100,S0388
Go right away [respectful],,వెంటనే వెళ్ళండి,veṇṭanē veḷḷaṇḍi,,,src::site src::book1000 reg::respectful known::100,S0389
Speak quietly [respectful],,నిశ్శబ్దంగా మాట్లాడండి,niśśabdangā māṭlāḍaṇḍi,,,src::site src::book1000 reg::respectful known::100,S0390
It costs Rs,,దీని ధరఅయిదురూపాయలు,dīni dharaayidurūpāyalu,,,src::site src::book1000 known::100,S0391
I don't agree,,నేనుఅంగీకరించను,nēnuangīkarinchanu,,,src::site src::book1000 known::100,S0392
I spend a lot,,నేనుచాలా ఖర్చుచేస్తాను,nēnuchālā kharchuchēstānu,,,src::site src::book1000 known::100,S0393
Please come in [respectful],,దయచేసి లోపలికి రండి,dayachēsi lōpaliki raṇḍi,,,src::site src::book1000 reg::respectful known::100,S0394
I have a cough,,నాకుదగ్గుగాఉంది,nākudaggugāundi,,,src::site src::book1000 known::100,S0395
He didn't open,,అయనతెరవలేదు,ayanateravalēdu,,,src::site src::book1000 known::100,S0396
Never do that ! [respectful],,ఎప్పుడుఅలా చేయకండి,eppuḍualā chēyakaṇḍi,,,src::site src::book1000 reg::respectful known::100,S0397
Comb your hair [respectful],,తలదువ్వుకోండి,taladuvvukōṇḍi,,,src::site src::book1000 reg::respectful known::100,S0398
Whose is this ?,,ఇది ఎవరిది?,idi evaridi?,,,src::site src::book1000 known::100,S0399
Go to the left [respectful],,ఎడమవైపువెళ్ళండి,eḍamavaipuveḷḷaṇḍi,,,src::site src::book1000 reg::respectful known::100,S0400
Ready to begin,,ప్రారంభించడానికి సిద్ధంగాఉంది,prārambhinchaḍāniki siddhangāundi,,,src::site src::book1000 known::100,S0401
Don't blame me,,నన్నునిందించవద్దు,nannunindinchavaddu,,,src::site src::book1000 known::100,S0402
She is singing [respectful],,ఆవిడపడుతున్నారు,āviḍapaḍutunnāru,,,src::site src::book1000 reg::respectful known::100,S0403
Now I can talk,,ఇప్పుడునేనుమాట్లాడగలను,ippuḍunēnumāṭlāḍagalanu,,,src::site src::book1000 known::100,S0404
It's very good,,ఇది చాలా బాగుంది,idi chālā bāgundi,,,src::site src::book1000 known::100,S0405
I can hear you,,నేనుమిమ్మల్ని వినగలుగుతున్నాను,nēnumimmalni vinagalugutunnānu,,,src::site src::book1000 known::100,S0406
Think about it [respectful],,దాని గురించి ఆలోచించండి,dāni gurinchi ālōchinchaṇḍi,,,src::site src::book1000 reg::respectful known::100,S0407
Enjoy yourself [respectful],,సంతోషంగా ఉండండి,santōṣangā uṇḍaṇḍi,,,src::site src::book1000 reg::respectful known::100,S0408
I have no idea,,నాకుఅవగాహనలేదు,nākuavagāhanalēdu,,,src::site src::book1000 known::100,S0409
I came walking,,నేనునడుస్తూవచ్చాను,nēnunaḍustūvachchānu,,,src::site src::book1000 known::100,S0410
Do it properly [respectful],,సరిగ్గాచేయండి,sariggāchēyaṇḍi,,,src::site src::book1000 reg::respectful known::100,S0411
Do it together [respectful],,కలిసి చేయండి,kalisi chēyaṇḍi,,,src::site src::book1000 reg::respectful known::100,S0412
Read it for me [respectful],,నా కోసంచదవండి,nā kōsanchadavaṇḍi,,,src::site src::book1000 reg::respectful known::100,S0413
Start doing it [respectful],,చేయడంప్రారంభించండి,chēyaḍamprārambhinchaṇḍi,,,src::site src::book1000 reg::respectful known::100,S0414
How did it go ?,,ఎలా జరిగింది ?,elā jarigindi ?,,,src::site src::book1000 known::100,S0415
It can't be so,,అది అలా కాదు,adi alā kādu,,,src::site src::book1000 known::100,S0416
Be good to all [respectful],,అందరితో మంచిగా ఉండండి,andaritō manchigā uṇḍaṇḍi,,,src::site src::book1000 reg::respectful known::100,S0417
He needs money,,ఆయనకి డబ్బుకావాలి,āyanaki ḍabbukāvāli,,,src::site src::book1000 known::100,S0418
I'll come back,,నేనుమల్లి వస్తాను,nēnumalli vastānu,,,src::site src::book1000 known::100,S0419
How is he now ? [respectful],,ఆయనఇప్పుడుఎలా ఉన్నారు?,āyanaippuḍuelā unnāru?,,,src::site src::book1000 reg::respectful known::100,S0420
It's cold here,,ఇక్కడచల్లగాఉంది,ikkaḍachallagāundi,,,src::site src::book1000 known::100,S0421
Allow me to do [respectful],,నన్నుచేయడానికి అనుమతించండి,nannuchēyaḍāniki anumatinchaṇḍi,,,src::site src::book1000 reg::respectful known::100,S0422
Are they happy ?,,వారుసంతోషమా?,vārusantōṣamā?,,,src::site src::book1000 known::100,S0423
Give me a hand [respectful],,నాకుచేయి అందించండి,nākuchēyi andinchaṇḍi,,,src::site src::book1000 reg::respectful known::100,S0424
It will happen,,అది జరుగుతుంది,adi jarugutundi,,,src::site src::book1000 known::100,S0425
He will not do,,Ayana ఆయనదానినిచేయరు danini cheyaru,Ayana āyanadāninichēyaru danini cheyaru,,,src::site src::book1000 known::100,S0426
"Yes , Of course",,అవును,avunu,,,src::site src::book1000 known::100,S0427
That is my car,,అది నా కారు,adi nā kāru,,,src::site src::book1000 known::100,S0428
Are they fine ? [respectful],,వారుబాగున్నారా?,vārubāgunnārā?,,,src::site src::book1000 reg::respectful known::100,S0429
Are they bold ? [respectful],,వారుధైర్యంగా ఉన్నారా?,vārudhairyangā unnārā?,,,src::site src::book1000 reg::respectful known::100,S0430
Are they here ? [respectful],,వారుఇక్కడఉన్నారా?,vāruikkaḍaunnārā?,,,src::site src::book1000 reg::respectful known::100,S0431
I write a poem,,నేనుఒకపద్యంవ్రాస్తాను,nēnuokapadyaṁvrāstānu,,,src::site src::book1000 known::100,S0432
I import dates,,నేనుఖర్జురాలనుదిగుమతి చేస్తాను,nēnukharjurālanudigumati chēstānu,,,src::site src::book1000 known::100,S0433
We are running,,మేముపరిగెడుతున్నాము,mēmuparigeḍutunnāmu,,,src::site src::book1000 known::100,S0434
This is my pen,,ఇది నా కలం,idi nā kalaṁ,,,src::site src::book1000 known::100,S0435
"Yes , I like it",,అవునునాకది ఇష్టం,avununākadi iṣṭaṁ,,,src::site src::book1000 known::100,S0436
It is very hot IRCHAND,,ఇది చాలా వేడిగాఉంటుంది,idi chālā vēḍigāuṇṭundi,,,src::site src::book1000 known::100,S0437
I'm not afraid,,నేనుభయపడుటలేదు,nēnubhayapaḍuṭalēdu,,,src::site src::book1000 known::100,S0438
Don't be angry [respectful],,కోపగించకండి,kōpaginchakaṇḍi,,,src::site src::book1000 reg::respectful known::100,S0439
He took a book [respectful],,అతనుఒకపుస్తకంతీసుకున్నారు.,atanuokapustakantīsukunnāru.,,,src::site src::book1000 reg::respectful known::100,S0440
Are they rich ?,,వారుధనవంతులా?,vārudhanavantulā?,,,src::site src::book1000 known::100,S0441
It's It ' very cold,,ఇది చాలా చల్లగాఉంది,idi chālā challagāundi,,,src::site src::book1000 known::100,S0442
Use your brain [respectful],,మీ మెదడునుఉపయోగించండి,mī medaḍunuupayōginchaṇḍi,,,src::site src::book1000 reg::respectful known::100,S0443
Serve the food [respectful],,ఆహారాన్ని వడ్డించండి,āhārānni vaḍḍinchaṇḍi,,,src::site src::book1000 reg::respectful known::100,S0444
You will learn,,మీరునేర్చుకుంటారు,mīrunērchukuṇṭāru,,,src::site src::book1000 known::100,S0445
You are a girl,,మీరుఒకఅమ్మాయి,mīruokaammāyi,,,src::site src::book1000 known::100,S0446
Think about me [respectful],,నా గురించి ఆలోచించండి,nā gurinchi ālōchinchaṇḍi,,,src::site src::book1000 reg::respectful known::100,S0447
Mend your ways [respectful],,మీ మార్గాలనుచక్కదిద్దుకోండి,mī mārgālanuchakkadiddukōṇḍi,,,src::site src::book1000 reg::respectful known::100,S0448
He saddened me,,ఆయననన్నుబాధపెట్టారు,āyananannubādhapeṭṭāru,,,src::site src::book1000 known::100,S0449
Remind me at [respectful],,ఎనిమిది గంటలకునాకుగుర్తుచేయండి,enimidi gaṇṭalakunākugurtuchēyaṇḍi,,,src::site src::book1000 reg::respectful known::100,S0450
Don't sit idle [respectful],,పనిలేకుండా కూర్చోకండి,panilēkuṇḍā kūrchōkaṇḍi,,,src::site src::book1000 reg::respectful known::100,S0451
Don't annoy me [respectful],,నన్నుబాధించకండి,nannubādhinchakaṇḍi,,,src::site src::book1000 reg::respectful known::100,S0452
I play cricket,,నేనుక్రికెట్ఆడతాను,nēnukrikeṭāḍatānu,,,src::site src::book1000 known::100,S0453
I have to play,,నేనుఆడాలి,nēnuāḍāli,,,src::site src::book1000 known::100,S0454
Light the lamp [respectful],,దీపంవెలిగించండి,dīpaṁveliginchaṇḍi,,,src::site src::book1000 reg::respectful known::100,S0455
He was awkward [respectful],,ఆయనఇబ్బందికరంగా ఉన్నారు,āyanaibbandikarangā unnāru,,,src::site src::book1000 reg::respectful known::100,S0456
Mom is at home,,అమ్మఇంట్లోఉంది,ammaiṇṭlōundi,,,src::site src::book1000 known::100,S0457
He makes me go,,ఆయననన్నువెళ్లేలా చేస్తారు,āyananannuveḷlēlā chēstāru,,,src::site src::book1000 known::100,S0458
You may go now,,మీరుఇప్పుడువెళ్ళవచ్చు,mīruippuḍuveḷḷavachchu,,,src::site src::book1000 known::100,S0459
Please take it [respectful],,దయచేసి తీసుకోండి,dayachēsi tīsukōṇḍi,,,src::site src::book1000 reg::respectful known::100,S0460
I like the dog,,నాకుకుక్కఅంటే ఇష్టం,nākukukkaaṇṭē iṣṭaṁ,,,src::site src::book1000 known::100,S0461
Don't favor me [respectful],,నాకుఅనుకూలంగా ఉండకండి,nākuanukūlangā uṇḍakaṇḍi,,,src::site src::book1000 reg::respectful known::100,S0462
I have my ways,,నాకునా మార్గాలుఉన్నాయి,nākunā mārgāluunnāyi,,,src::site src::book1000 known::100,S0463
Who is guilty?,,ఎవరుదోషి?,evarudōṣi?,,,src::site src::book1000 known::100,S0464
What happened?,,ఏమి జరిగింది?,ēmi jarigindi?,,,src::site src::book1000 known::100,S0465
He did nothing,,ఆయనఏమీ చేయలేదు,āyanaēmī chēyalēdu,,,src::site src::book1000 known::100,S0466
He got us coke,,ఆయనమాకుకోక్ తీసుకునారు,āyanamākukōk tīsukunāru,,,src::site src::book1000 known::100,S0467
He has nothing,,ఆయనకి ఏమి లేదు,āyanaki ēmi lēdu,,,src::site src::book1000 known::100,S0468
Bring some more [respectful],,మరికొని తీసుకుర్ండి,marikoni tīsukurṇḍi,,,src::site src::book1000 reg::respectful known::100,S0469
What are,,ఇవి ఏమిట్ట?,ivi ēmiṭṭa?,,,src::site src::book1000 known::100,S0470
What are those?,,అవి ఏమిట్ట?,avi ēmiṭṭa?,,,src::site src::book1000 known::100,S0471
He doesn't open,,ఆయనతెర్వరు,āyanatervaru,,,src::site src::book1000 known::100,S0472
I will not open,,నేనుతెర్వను,nēnutervanu,,,src::site src::book1000 known::100,S0473
Get in ! [respectful],,లోపలి రండి,lōpali raṇḍi,,,src::site src::book1000 reg::respectful known::100,S0474
Get in the car ! [respectful],,కారులోకి రండి !,kārulōki raṇḍi !,,,src::site src::book1000 reg::respectful known::100,S0475
Why are you so ?,,ఎందుకుమీరుఅంత?,endukumīruanta?,,,src::site src::book1000 known::100,S0476
How ridiculous !,,ఎంతహాస్యాస్పదంగాఉంది !,entahāsyāspadangāundi !,,,src::site src::book1000 known::100,S0477
How disgusting !,,ఎంతఅసహ్యకరమైనది,entaasahyakaramainadi,,,src::site src::book1000 known::100,S0478
Where can I go ?,,నేనుఎక్కడికి వెళ్ళగలను?,nēnuekkaḍiki veḷḷagalanu?,,,src::site src::book1000 known::100,S0479
Who doesn't go ?,,ఎవరువెళ్ళరు?,evaruveḷḷaru?,,,src::site src::book1000 known::100,S0480
Don't scold him [respectful],,ఆయని తటక్ండి,āyani taṭakṇḍi,,,src::site src::book1000 reg::respectful known::100,S0481
That's not true,,అది నిజంకాదు,adi nijankādu,,,src::site src::book1000 known::100,S0482
I don't give it,,నేనుఇవను,nēnuivanu,,,src::site src::book1000 known::100,S0483
Shall we leave?,,మనంవెళామా?,manaṁveḷāmā?,,,src::site src::book1000 known::100,S0484
I Nenu have dinni to do cheyali it,,నేనుదీని చేయాల్ల,nēnudīni chēyālla,,,src::site src::book1000 known::100,S0485
I may not do it,,నేనుచేయక్పోవచు,nēnuchēyakpōvachu,,,src::site src::book1000 known::100,S0486
Much,,ఇప్పడుచలా మంచిది,ippaḍuchalā manchidi,,,src::site src::book1000 known::100,S0487
It must be true,,అది నిజంఅయ్యఉండాల్ల,adi nijaṁayyauṇḍālla,,,src::site src::book1000 known::100,S0488
Isn't he there ?,,ఆయనఅక్కడలేరా?,āyanaakkaḍalērā?,,,src::site src::book1000 known::100,S0489
Nobody is there,,ఎవరూలేరు,evarūlēru,,,src::site src::book1000 known::100,S0490
He became angry [respectful],,ఆయనకోపంగా ఉన్నారు,āyanakōpangā unnāru,,,src::site src::book1000 reg::respectful known::100,S0491
May I join you ?,,నేనుమీతో చేరవచ్చా?,nēnumītō chēravachchā?,,,src::site src::book1000 known::100,S0492
I don't mind it,,నేనుపట్టిచుకోను,nēnupaṭṭichukōnu,,,src::site src::book1000 known::100,S0493
I don't want it,,నాకుఅది అక్కరలేదు,nākuadi akkaralēdu,,,src::site src::book1000 known::100,S0494
I am in trouble,,నేనుఇబ్బందుల్లో ఉన్నాను,nēnuibbandullō unnānu,,,src::site src::book1000 known::100,S0495
"No , I don't eat",,లేదునేనుతినను,lēdunēnutinanu,,,src::site src::book1000 known::100,S0496
He is listening [respectful],,ఆయనవింటున్నారు,āyanaviṇṭunnāru,,,src::site src::book1000 reg::respectful known::100,S0497
Don't get angry [respectful],,కోపంతెచ్చుకోకండి,kōpantechchukōkaṇḍi,,,src::site src::book1000 reg::respectful known::100,S0498
Fix your collar [respectful],,మీ కాలర్నుపరిష్కరించండి,mī kālarnupariṣkarinchaṇḍi,,,src::site src::book1000 reg::respectful known::100,S0499
Mosquito bit me,,నన్నుదోమకుట్టింది,nannudōmakuṭṭindi,,,src::site src::book1000 known::100,S0500
How's it going ?,,ఎలా జరుగుతోంది?,elā jarugutōndi?,,,src::site src::book1000 known::100,S0501
Where were you ?,,మీరుఎక్కడఉంటిరి?,mīruekkaḍauṇṭiri?,,,src::site src::book1000 known::100,S0502
Don't be afraid [respectful],,భయపడకండి,bhayapaḍakaṇḍi,,,src::site src::book1000 reg::respectful known::100,S0503
Come let's play [respectful],,రండి ఆడుదాం,raṇḍi āḍudāṁ,,,src::site src::book1000 reg::respectful known::100,S0504
Don't tell lies [respectful],,అబద్ధాలుచెప్పకండి,abaddhālucheppakaṇḍi,,,src::site src::book1000 reg::respectful known::100,S0505
Open your mouth [respectful],,నోరుతెరవండి,nōruteravaṇḍi,,,src::site src::book1000 reg::respectful known::100,S0506
That's my fault,,అది నా తప్పు,adi nā tappu,,,src::site src::book1000 known::100,S0507
It's on the top,,ఇది పైనఉంది,idi painaundi,,,src::site src::book1000 known::100,S0508
I went with him,,నేనుఆయనతో వెళ్ళాను,nēnuāyanatō veḷḷānu,,,src::site src::book1000 known::100,S0509
She is carrying [respectful],,ఆవిడమోస్తున్నారు,āviḍamōstunnāru,,,src::site src::book1000 reg::respectful known::100,S0510
"No , I like curd",,లేదునేనుపెరుగుని ఇష్టపడతాను,lēdunēnuperuguni iṣṭapaḍatānu,,,src::site src::book1000 known::100,S0511
I came train,,నేనురైలులో వచ్చాను,nēnurailulō vachchānu,,,src::site src::book1000 known::100,S0512
I want to sleep,,నేనునిద్రపోవాలనుకుంటున్నాను,nēnunidrapōvālanukuṇṭunnānu,,,src::site src::book1000 known::100,S0513
Read the lesson [respectful],,పాఠంచదవండి,pāṭhanchadavaṇḍi,,,src::site src::book1000 reg::respectful known::100,S0514
I am yet to eat,,నేనుఇంకా తినలేదు,nēnuinkā tinalēdu,,,src::site src::book1000 known::100,S0515
I cannot write,,నేనువ్రాయలేను,nēnuvrāyalēnu,,,src::site src::book1000 known::100,S0516
That is a mango,,ఇది మామిడి,idi māmiḍi,,,src::site src::book1000 known::100,S0517
Are they tired ?,,వారుఅలసిపోయారా?,vārualasipōyārā?,,,src::site src::book1000 known::100,S0518
I want a camera,,నాకుకెమెరా కావాలి,nākukemerā kāvāli,,,src::site src::book1000 known::100,S0519
They play chess,,వారుచెదరంగంఆడుతారు,vāruchedarangaṁāḍutāru,,,src::site src::book1000 known::100,S0520
They make dolls,,వారుబొమ్మలనుతయారుచేస్తారు,vārubommalanutayāruchēstāru,,,src::site src::book1000 known::100,S0521
I teach English,,నేనుఆంగ్లభాషనేర్పిస్తాను,nēnuānglabhāṣanērpistānu,,,src::site src::book1000 known::100,S0522
I study English,,నేనుఆంగ్లంచదువుతాను,nēnuānglanchaduvutānu,,,src::site src::book1000 known::100,S0523
This is his pen,,ఇది ఆయనకలం,idi āyanakalaṁ,,,src::site src::book1000 known::100,S0524
How's the,,ఆహారంఎలా ఉంది?,āhāraṁelā undi?,,,src::site src::book1000 known::100,S0525
Drive Carefully [respectful],,జాగ్రత్తగా నడపండి,jāgrattagā naḍapaṇḍi,,,src::site src::book1000 reg::respectful known::100,S0526
Is it possible ?,,ఇది సాధ్యమేనా?,idi sādhyamēnā?,,,src::site src::book1000 known::100,S0527
Sweep the floor [respectful],,నేలనుతుదచండి,nēlanutudachaṇḍi,,,src::site src::book1000 reg::respectful known::100,S0528
That smells bad,,చెడువాసనవస్తుంది,cheḍuvāsanavastundi,,,src::site src::book1000 known::100,S0529
I don't like it,,ఇది నాకుఇష్టంలేదు,idi nākuiṣṭaṁlēdu,,,src::site src::book1000 known::100,S0530
This is for you [respectful],,ఇది మీ కోసం,idi mī kōsaṁ,,,src::site src::book1000 reg::respectful known::100,S0531
I will buy this,,నేనుదీన్నికొంటాను,nēnudīnnikoṇṭānu,,,src::site src::book1000 known::100,S0532
Can I sit here ?,,నేనుఇక్కడకూర్చోవచ్చా?,nēnuikkaḍakūrchōvachchā?,,,src::site src::book1000 known::100,S0533
I need a doctor,,నాకుఒకవైద్యుడుకావాలి,nākuokavaidyuḍukāvāli,,,src::site src::book1000 known::100,S0534
Don't interrupt [respectful],,అంతరాయంకలిగించకండి,antarāyankaliginchakaṇḍi,,,src::site src::book1000 reg::respectful known::100,S0535
Why do you run ?,,మీరుఎందుకుపరిగెత్తుతారు?,mīruendukuparigettutāru?,,,src::site src::book1000 known::100,S0536
Why did he run ?,,ఆయనఎందుకుపరిగెత్తారు?,āyanaendukuparigettāru?,,,src::site src::book1000 known::100,S0537
Are you kidding ? [respectful],,మీరుతమాషా చేస్తున్నారా?,mīrutamāṣā chēstunnārā?,,,src::site src::book1000 reg::respectful known::100,S0538
These are books,,ఇవి పుస్తకాలు,ivi pustakālu,,,src::site src::book1000 known::100,S0539
I am not a girl,,నేనుఅమ్మాయిని కాదు,nēnuammāyini kādu,,,src::site src::book1000 known::100,S0540
I open the door,,నేనుతలుపుతీరుస్తాను,nēnutaluputīrustānu,,,src::site src::book1000 known::100,S0541
I don't get you,,నాకుమీరుచెప్పింది అర్థంకాలేదు,nākumīrucheppindi arthankālēdu,,,src::site src::book1000 known::100,S0542
Don't abuse him [respectful],,ఆయనన్నినిందించకండి,āyananninindinchakaṇḍi,,,src::site src::book1000 reg::respectful known::100,S0543
I live in Delhi,,నేనుఢిల్లీ లో నివసిస్తున్నాను,nēnuḍhillī lō nivasistunnānu,,,src::site src::book1000 known::100,S0544
We were sitting,,మేముకూర్చున్నాము,mēmukūrchunnāmu,,,src::site src::book1000 known::100,S0545
It is lightning,,అది మెరుపు,adi merupu,,,src::site src::book1000 known::100,S0546
He is shivering [respectful],,ఆయనవణుకుతున్నారు,āyanavaṇukutunnāru,,,src::site src::book1000 reg::respectful known::100,S0547
It took years,,దీనికిఆరుసంవత్సరాలుపట్టింది,dīnikiārusaṁvatsarālupaṭṭindi,,,src::site src::book1000 known::100,S0548
He seldom walks,,ఆయనఅరుదుగా నడుస్తారు,āyanaarudugā naḍustāru,,,src::site src::book1000 known::100,S0549
I had been told,,నాకుచెప్పబడింది,nākucheppabaḍindi,,,src::site src::book1000 known::100,S0550
I never met you,,నేనుమిమ్మల్ని ఎప్పుడుకలవలేదు,nēnumimmalni eppuḍukalavalēdu,,,src::site src::book1000 known::100,S0551
I must go there,,నేనుఅక్కడికి వెళ్ళాలి,nēnuakkaḍiki veḷḷāli,,,src::site src::book1000 known::100,S0552
Nothing special,,ప్రత్యేకంగాఏమీ లేదు,pratyēkangāēmī lēdu,,,src::site src::book1000 known::100,S0553
Clean the floor,,నేలశుభ్రపరుచుము,nēlaśubhraparuchumu,,,src::site src::book1000 known::100,S0554
"Nothing , thanks",,"ఏమీ లేదు, ధన్యవాదాలు","ēmī lēdu, dhanyavādālu",,,src::site src::book1000 known::100,S0555
"Have it , please [respectful]",,దయచేసి ఇది తీసుకోండి,dayachēsi idi tīsukōṇḍi,,,src::site src::book1000 reg::respectful known::100,S0556
I don't believe,,నేనునమ్మను,nēnunammanu,,,src::site src::book1000 known::100,S0557
What do you do ?,,మీరుఏమి చేస్తారు?,mīruēmi chēstāru?,,,src::site src::book1000 known::100,S0558
I go for a walk,,నేనునడకకోసంవెళ్తాను,nēnunaḍakakōsaṁveḷtānu,,,src::site src::book1000 known::100,S0559
Keep it forever [respectful],,ఎప్పటికీఉంచండి,eppaṭikīunchaṇḍi,,,src::site src::book1000 reg::respectful known::100,S0560
I am having fun,,నేనుఆనందిస్తున్నాను,nēnuānandistunnānu,,,src::site src::book1000 known::100,S0561
She talks a lot,,ఆవిడచాలమాట్లాడుతుంది,āviḍachālamāṭlāḍutundi,,,src::site src::book1000 known::100,S0562
India will win,,భారతదేశంగెలుస్తుంది,bhāratadēśangelustundi,,,src::site src::book1000 known::100,S0563
I had food,,నేనుఆహారంతిన్నాను,nēnuāhārantinnānu,,,src::site src::book1000 known::100,S0564
Who do all know?,,మీరుఎందుకుతెలుసుకోవాలి?,mīruendukutelusukōvāli?,,,src::site src::book1000 known::100,S0565
I enjoyed a lot !,,నేనుచాలా ఆనందించాను,nēnuchālā ānandinchānu,,,src::site src::book1000 known::100,S0566
You are mistaken,,మీరుపొరపాటుపడ్డారు,mīruporapāṭupaḍḍāru,,,src::site src::book1000 known::100,S0567
I am proud of it,,నేనుగర్వపడుతున్నాను,nēnugarvapaḍutunnānu,,,src::site src::book1000 known::100,S0568
"Yes , I am happy ?",,అవునునేనుసంతోషంగా ఉన్నాను,avununēnusantōṣangā unnānu,,,src::site src::book1000 known::100,S0569
Are these books ?,,ఇవి పుస్తకాలా?,ivi pustakālā?,,,src::site src::book1000 known::100,S0570
I have toothache,,నాకుదంతనొప్పిఉంది,nākudantanoppiundi,,,src::site src::book1000 known::100,S0571
I am not opening,,నేనుతెరవడంలేదు,nēnuteravaḍaṁlēdu,,,src::site src::book1000 known::100,S0572
Give a break ! [respectful],,నాకువిరామంఇవ్వండి,nākuvirāmaṁivvaṇḍi,,,src::site src::book1000 reg::respectful known::100,S0573
How are you now ? [respectful],,ఇప్పుడుమీరుఎలా ఉన్నారు?,ippuḍumīruelā unnāru?,,,src::site src::book1000 reg::respectful known::100,S0574
Who am I to you ?,,నేనుమీకుఏమి అవుతాను?,nēnumīkuēmi avutānu?,,,src::site src::book1000 known::100,S0575
Have a nice day !,,శుభదినం!,śubhadinaṁ!,,,src::site src::book1000 known::100,S0576
Why did you ask ?,,ఎందుకుఅడిగారు?,endukuaḍigāru?,,,src::site src::book1000 known::100,S0577
Get out of here ! [respectful],,ఇక్కడనుండి వెళ్లిపోండి,ikkaḍanuṇḍi veḷlipōṇḍi,,,src::site src::book1000 reg::respectful known::100,S0578
Where do you go ?,,మీరుఎక్కడికి వెళతారు?,mīruekkaḍiki veḷatāru?,,,src::site src::book1000 known::100,S0579
Please accept it [respectful],,దయచేసి అంగీకరించండి,dayachēsi angīkarinchaṇḍi,,,src::site src::book1000 reg::respectful known::100,S0580
Don't yell at me [respectful],,నా మీదఅరవకండి,nā mīdaaravakaṇḍi,,,src::site src::book1000 reg::respectful known::100,S0581
I missed the bus,,నేనుబస్సునుఅందుకోలేకపోయాను,nēnubassunuandukōlēkapōyānu,,,src::site src::book1000 known::100,S0582
I am his brother,,నేనుఆయనసోదరుడిని,nēnuāyanasōdaruḍini,,,src::site src::book1000 known::100,S0583
Can you do this ?,,మీరుదీన్నిచేయగలరా?,mīrudīnnichēyagalarā?,,,src::site src::book1000 known::100,S0584
I cannot give it,,నేనుఇవ్వలేను,nēnuivvalēnu,,,src::site src::book1000 known::100,S0585
I didn't give it,,నేనుఇవ్వలేదు,nēnuivvalēdu,,,src::site src::book1000 known::100,S0586
I will not do it,,నేనుచేయను,nēnuchēyanu,,,src::site src::book1000 known::100,S0587
You are a genius,,మీరుమేధావి,mīrumēdhāvi,,,src::site src::book1000 known::100,S0588
Long time no see,,చాలా కాలంచూడలేదు,chālā kālanchūḍalēdu,,,src::site src::book1000 known::100,S0589
Buy me a new one [respectful],,నాకుక్రొత్తదాన్ని కొనండి,nākukrottadānni konaṇḍi,,,src::site src::book1000 reg::respectful known::100,S0590
Show me this one [respectful],,ఇది నాకుచూపించండి,idi nākuchūpinchaṇḍi,,,src::site src::book1000 reg::respectful known::100,S0591
There's one here,,ఇక్కడఒకటి ఉంది,ikkaḍaokaṭi undi,,,src::site src::book1000 known::100,S0592
Don't go so fast [respectful],,అంతవేగంగా వెళ్ళకండి,antavēgangā veḷḷakaṇḍi,,,src::site src::book1000 reg::respectful known::100,S0593
I'm still eating,,నేనుఇంకా తింటున్నాను,nēnuinkā tiṇṭunnānu,,,src::site src::book1000 known::100,S0594
Most of the time,,ఎక్కువసమయం,ekkuvasamayaṁ,,,src::site src::book1000 known::100,S0595
Were you eating ?,,మీరుభోజనంచేస్తూండేనా?,mīrubhōjananchēstūṇḍēnā?,,,src::site src::book1000 known::100,S0596
It's very urgent,,ఇది చాలా అత్యవసరం,idi chālā atyavasaraṁ,,,src::site src::book1000 known::100,S0597
I will try again,,నేనుమళ్ళీ ప్రయత్నిస్తాను,nēnumaḷḷī prayatnistānu,,,src::site src::book1000 known::100,S0598
She is my sister,,ఆవిడనా సోదరి,āviḍanā sōdari,,,src::site src::book1000 known::100,S0599
This is my house,,ఇది నా ఇల్లు,idi nā illu,,,src::site src::book1000 known::100,S0600
I could be wrong,,నేనుతప్పుకావచ్చు,nēnutappukāvachchu,,,src::site src::book1000 known::100,S0601
Can you show me ?,,నాకుచూపిస్తారా?,nākuchūpistārā?,,,src::site src::book1000 known::100,S0602
That's beautiful,,అది అందంగావుంది,adi andangāvundi,,,src::site src::book1000 known::100,S0603
Is that too big ?,,అది చాలా పెద్దదా?,adi chālā peddadā?,,,src::site src::book1000 known::100,S0604
"If so , it's okay",,"అలా అయితే , అది సరే","alā ayitē , adi sarē",,,src::site src::book1000 known::100,S0605
Give this to her [respectful],,ఇది ఆవిడకుఇవ్వండి,idi āviḍakuivvaṇḍi,,,src::site src::book1000 reg::respectful known::100,S0606
Nothing but this,,ఇది తప్పమరేమీ లేదు,idi tappamarēmī lēdu,,,src::site src::book1000 known::100,S0607
I care about you,,నేనుమీ గురించి పట్టించుకుంటాను,nēnumī gurinchi paṭṭinchukuṇṭānu,,,src::site src::book1000 known::100,S0608
It's upside down,,ఇది తలక్రిందులుగాఉంది,idi talakrindulugāundi,,,src::site src::book1000 known::100,S0609
I have no choice,,నాకువేరే మార్గంలేదు,nākuvērē mārgaṁlēdu,,,src::site src::book1000 known::100,S0610
I wanna buy this,,నేనుదీన్నికొనాలనుకుంటున్నాను,nēnudīnnikonālanukuṇṭunnānu,,,src::site src::book1000 known::100,S0611
Can I try it on ?,,నేనుకాస్తప్రయత్నించవచ్చా?,nēnukāstaprayatninchavachchā?,,,src::site src::book1000 known::100,S0612
He remembers you,,ఆయనమిమ్మల్ని గుర్తుంచుకుంటారు,āyanamimmalni gurtunchukuṇṭāru,,,src::site src::book1000 known::100,S0613
I don't like tea,,నాకుచాయ్ లేదు,nākuchāy lēdu,,,src::site src::book1000 known::100,S0614
What do you ask ?,,మీరుఏమి అడుగుతారు?,mīruēmi aḍugutāru?,,,src::site src::book1000 known::100,S0615
How many people ? [respectful],,ఎంతమంది ?,entamandi ?,,,src::site src::book1000 reg::respectful known::100,S0616
How is everyone ? [respectful],,"ప్రతిఒక్కరు, ఎలా ఉన్నారు?","pratiokkaru, elā unnāru?",,,src::site src::book1000 reg::respectful known::100,S0617
What to eat now ?,,ఇప్పుడుఏమి తినాలి?,ippuḍuēmi tināli?,,,src::site src::book1000 known::100,S0618
Don't make noise [respectful],,శబ్దంచేయకండి,śabdanchēyakaṇḍi,,,src::site src::book1000 reg::respectful known::100,S0619
This is not true,,ఇది నిజంకాదు,idi nijankādu,,,src::site src::book1000 known::100,S0620
We have no money,,మాకుడబ్బులేదు,mākuḍabbulēdu,,,src::site src::book1000 known::100,S0621
This is her book,,ఇది ఆవిడా పుస్తకం,idi āviḍā pustakaṁ,,,src::site src::book1000 known::100,S0622
This is my watch,,ఇది నా గడియారం,idi nā gaḍiyāraṁ,,,src::site src::book1000 known::100,S0623
She is asking me,,ఆవిడా నన్నుఅడుగుతోంది.,āviḍā nannuaḍugutōndi.,,,src::site src::book1000 known::100,S0624
He will be there,,ఆయనఅక్కడఉంటారు,āyanaakkaḍauṇṭāru,,,src::site src::book1000 known::100,S0625
I agree with you,,నేనుమీతో అంగీక్రిసునాను,nēnumītō angīkrisunānu,,,src::site src::book1000 known::100,S0626
May I stay here?,,నేనుఇక్డే ఉండవచ?,nēnuikḍē uṇḍavacha?,,,src::site src::book1000 known::100,S0627
I need your help,,Naku నాకుమీ mi సహాయం sahayam kavali కావాల్ల,Naku nākumī mi sahāyaṁ sahayam kavali kāvālla,,,src::site src::book1000 known::100,S0628
I come with you,,నేనుమీతో వసాను,nēnumītō vasānu,,,src::site src::book1000 known::100,S0629
"No, I am not sad",,"లేదు, నాకుబాధగా లేదు","lēdu, nākubādhagā lēdu",,,src::site src::book1000 known::100,S0630
I buy vegetables,,నేనుకూర్గాయలుకొంటాను,nēnukūrgāyalukoṇṭānu,,,src::site src::book1000 known::100,S0631
What do they do? [respectful],,వారుఏమి చేసారు?,vāruēmi chēsāru?,,,src::site src::book1000 reg::respectful known::100,S0632
I write a letter,,నేనుఒక్ లేఖరాసాను,nēnuok lēkharāsānu,,,src::site src::book1000 known::100,S0633
"Yes, I have taken",,అవునునేనుతీసుకున్నాను,avununēnutīsukunnānu,,,src::site src::book1000 known::100,S0634
I don't like her,,నేనుఆవిడని ఇష్టపడను,nēnuāviḍani iṣṭapaḍanu,,,src::site src::book1000 known::100,S0635
That is my father. His name is Murthy. (formal — unchanged),,ఆయన మా నాన్న. ఆయన పేరు మూర్తి.,āyana mā nānna. āyana pēru mūrti.,,,src::site known::80,S0636
That is my mother. Her name is Sunita. (formal — unchanged),,ఆవిడ మా అమ్మ. ఆవిడ పేరు సునీత.,āviḍa mā amma. āviḍa pēru sunīta.,,,src::site known::80,S0637
She is my elder sister. Her name is Divya. (neutral — unchanged),,ఆమె మా అక్క. ఆమె పేరు దివ్య.,āme mā akka. āme pēru divya.,,,src::site known::80,S0638
He is my father's younger brother. His name is Sanjay. (neutral — u→i),,అతను మా చిన్నాన్న. అతని పేరు సంజయ్.,atanu mā chinnānna. atani pēru sanjay.,,,src::site known::80,S0639
But there was a lot of traffic on the way.,,కానీ దారిలో ట్రాఫిక్ చాలా ఎక్కువ ఉంది,kānī dārilō ṭrāphik chālā ekkuva undi,,"Only three new words. kāni (but), dāri (way, road), ekkuva (a lot, excessive). Everything else you have: -lō from āphīsulō, plus chālā and undi.",src::site known::80,S0640
Who is a student?,,రవి విద్యార్థి. సీత కూడా విద్యార్థి.,ravi vidyārthi. sīta kūḍā vidyārthi.,,,src::site known::80,S0641
"""My doctor's name is Sophia.""",,నా డాక్టర్ పేరు సోఫియా.,nā ḍākṭar pēru sōphiyā.,,"no apostrophe-s, just stack",src::site known::60,S0642
Hello. My name is Ravi.,,నమస్కారం. నా పేరు రవి.,namaskāraṁ. nā pēru ravi.,,,src::site known::60,S0643
"""Two cars"" and ""two people"" — why are they different?",,రెండు కార్లు / ఇద్దరు.,reṇḍu kārlu / iddaru.,,People take the special -ru counting forms.,src::site known::60,S0644
A man knocked on the door.,,ఒక మనిషి తలుపు తట్టాడు,oka maniṣi talupu taṭṭāḍu,,One previously unknown man enters the story and can now be referred to again.,src::site known::60,S0645
No thanks. [respectful],,"వద్దు, థాంక్స్ అండి.","vaddu, thānks aṇḍi.",,declining an offer,src::site reg::respectful known::60,S0646
Raj is a student.,,రాజ్ ఒక విద్యార్థి.,rāj oka vidyārthi.,,,src::site known::60,S0647
"""I am Sophia.""",,నేను సోఫియా ని.,nēnu sōphiyā ni.,,"nēnu + name + the ""I"" marker -ni",src::site known::60,S0648
My name is Raj.,,నా పేరు రాజ్.,nā pēru rāj.,,,src::site known::60,S0649
Our town is Hyderabad.,,మా ఊరు హైదరాబాద్.,mā ūru haidarābād.,,,src::site known::60,S0650
You're from Hyderabad — two ways.,,మా ఊరు హైదరాబాద్. / మాది హైదరాబాద్.,mā ūru haidarābād. / mādi haidarābād.,,,src::site known::60,S0651
He is my friend. His name is Peter. (informal — u→i),,వాడు నా ఫ్రెండ్. వాడి పేరు పీటర్.,vāḍu nā phreṇḍ. vāḍi pēru pīṭar.,,,src::site reg::informal known::60,S0652
That's my classmate. Her name is Gita. (informal — new form),,అది నా క్లాస్‌మేట్. దాని పేరు గీత.,adi nā klāsmēṭ. dāni pēru gīta.,,,src::site known::60,S0653
"""His name is Sanjay"" — neutral register.",,అతని పేరు సంజయ్.,atani pēru sanjay.,,atanu → atani,src::site known::60,S0654
"""Her name is Divya"" — neutral register.",,ఆమె పేరు దివ్య.,āme pēru divya.,,āme doesn't change,src::site known::60,S0655
Take only one book. [respectful],,ఒక్క పుస్తకమే తీసుకోండి,okka pustakamē tīsukōṇḍi,,The doubled kk plus -ē excludes alternatives explicitly.,src::site reg::respectful known::60,S0656
Literally “man knocked on the door.”,,మనిషి తలుపు తట్టాడు,maniṣi talupu taṭṭāḍu,,"Possible in context, but abrupt as a story opening; it can sound as if the man is already identifiable.",src::site known::60,S0657
I'm sick,,నా అరోగ్యముబాగా లేదు,nā arōgyamubāgā lēdu,,,src::site src::book1000 known::60,S0658
I'm nervous,,బయంగా వుంది నాకు,bayangā vundi nāku,,,src::site src::book1000 known::60,S0659
It is sweet,,ఇది తియ్యగా ఉంది,idi tiyyagā undi,,,src::site src::book1000 known::60,S0660
Take my bike [respectful],,నా బైక్ తీసుకోండి,nā baik tīsukōṇḍi,,,src::site src::book1000 reg::respectful known::60,S0661
Do something [respectful],,ఎదో ఒకటి చేయండి,edō okaṭi chēyaṇḍi,,,src::site src::book1000 reg::respectful known::60,S0662
I tie my tie,,నేనునా టై కట్టాను,nēnunā ṭai kaṭṭānu,,,src::site src::book1000 known::60,S0663
But I like it,,కానీ నాకుఅది నచ్చింది,kānī nākuadi nachchindi,,,src::site src::book1000 known::60,S0664
This is cheap,,ఇది చౌకగా ఉంటుంది,idi chaukagā uṇṭundi,,,src::site src::book1000 known::60,S0665
Let him relax [respectful],,ఆయన్ని విశ్రాంతి తీసుకోనివ్వండి,āyanni viśrānti tīsukōnivvaṇḍi,,,src::site src::book1000 reg::respectful known::60,S0666
"No , it is mine",,"లేదు, అది నాదే","lēdu, adi nādē",,,src::site src::book1000 known::60,S0667
Bring my shirt [respectful],,నా చొక్కా తీసుకురండి,nā chokkā tīsukuraṇḍi,,,src::site src::book1000 reg::respectful known::60,S0668
Do this slowly [respectful],,దీన్ని నెమ్మదిగా చేయండి,dīnni nemmadigā chēyaṇḍi,,,src::site src::book1000 reg::respectful known::60,S0669
It was my duty,,అది నా కర్తవ్యం,adi nā kartavyaṁ,,,src::site src::book1000 known::60,S0670
This is my bag,,ఇది నా బ్యాగ్,idi nā byāg,,,src::site src::book1000 known::60,S0671
That's too bad !,,అది చాలా అన్యాయం!,adi chālā anyāyaṁ!,,,src::site src::book1000 known::60,S0672
Don't compel me [respectful],,నను బ్లవంతం చేయక్ండి,nanu blavantaṁ chēyakṇḍi,,,src::site src::book1000 reg::respectful known::60,S0673
I lost my watch,,నేనునా గడియారాని కోలోయాను,nēnunā gaḍiyārāni kōlōyānu,,,src::site src::book1000 known::60,S0674
Are you at home [respectful],,మీరుఇంటి దెగ్గరే ఉన్నారా?,mīruiṇṭi deggarē unnārā?,,,src::site src::book1000 reg::respectful known::60,S0675
He will not open,,Ayana ఆయనతెరవరు teravaru,Ayana āyanateravaru teravaru,,,src::site src::book1000 known::60,S0676
Walk the bicycle [respectful],,సైకిల్ తో నడవండి,saikil tō naḍavaṇḍi,,,src::site src::book1000 reg::respectful known::60,S0677
Go this way [respectful],,ఈమార్గంలో Ee marganlo vellandi వెళ్ళండి,īmārgaṁlō Ee marganlo vellandi veḷḷaṇḍi,,,src::site src::book1000 reg::respectful known::60,S0678
He is not well,,Ayana ఆయనబాగా baga leru లేరు,Ayana āyanabāgā baga leru lēru,,,src::site src::book1000 known::60,S0679
Thank a colleague in the way people actually do. [respectful],,థాంక్స్ అండి,thānks aṇḍi,,dhanyavādālu is formal/ceremonial only,src::site reg::respectful known::40,S0680
Raj is a student.,,రాజ్ విద్యార్థి.,rāj vidyārthi.,,,src::site known::40,S0681
Ours is Hyderabad.,,మాది హైదరాబాద్.,mādi haidarābād.,,the common form,src::site known::40,S0682
Ours is India.,,మాది ఇండియా.,mādi iṇḍiyā.,,"same information, family framing",src::site known::40,S0683
Do you know English?,,ఇంగ్లీష్ తెలుసా?,inglīṣ telusā?,,,src::site known::40,S0684
"Their names are Peter and Gita. (plural — u→a, noun takes -lu)",,"వాళ్ళ పేర్లు పీటర్, గీత.","vāḷḷa pērlu pīṭar, gīta.",,,src::site known::40,S0685
What did you do? [respectful],,ఏం చేసారు?,ēṁ chēsāru?,,"Listen for: ēṁ (what). The -āru ending is the respectful ""you"" form — she's being polite to you.",src::site reg::respectful known::40,S0686
This nearby man/person is Ravi.,,ఇతను రవి.,itanu ravi.,,,src::site known::40,S0687
Ravi is a student.,,రవి విద్యార్థి.,ravi vidyārthi.,,,src::site known::40,S0688
Change singular to plural: idi kāru.,,ఇవి కార్లు.,ivi kārlu.,,,src::site known::40,S0689
Those are cars.,,అవి కార్లు.,avi kārlu.,,,src::site known::40,S0690
“Someone called Ramayya called.” The listener does not know him.,,ఒక రామయ్య ఫోన్ చేశాడు.,oka rāmayya phōn chēśāḍu.,,oka gives “a certain / someone named.” · The identity is not assumed to be known.,src::site known::40,S0691
Pull it [respectful],,దీనిని లాగుము/లాగండి,dīnini lāgumu/lāgaṇḍi,,,src::site src::book1000 reg::respectful known::40,S0692
Ram goes,,రామ్ వెళతారు,rām veḷatāru,,,src::site src::book1000 known::40,S0693
Come home [respectful],,ఇంటికి రండి,iṇṭiki raṇḍi,,,src::site src::book1000 reg::respectful known::40,S0694
Stay away [respectful],,దూరంగా ఉండండి,dūrangā uṇḍaṇḍi,,,src::site src::book1000 reg::respectful known::40,S0695
It's gone,,అది పోయింది,adi pōyindi,,,src::site src::book1000 known::40,S0696
Leave him [respectful],,ఆయనని విడిచిపెట్టండి,āyanani viḍichipeṭṭaṇḍi,,,src::site src::book1000 reg::respectful known::40,S0697
Ram walks,,రామ్ నడుచును,rām naḍuchunu,,,src::site src::book1000 known::40,S0698
Ram plays,,రామ్ ఆడుతారు,rām āḍutāru,,,src::site src::book1000 known::40,S0699
Is Ram in ? [respectful],,రామ్ ఉన్నారా?,rām unnārā?,,,src::site src::book1000 reg::respectful known::40,S0700
Thank God !,,దేవునికి ధన్యవాదాలు,dēvuniki dhanyavādālu,,,src::site src::book1000 known::40,S0701
Just taste it [respectful],,రుచి చూడండి,ruchi chūḍaṇḍi,,,src::site src::book1000 reg::respectful known::40,S0702
I like him,,అతనంటే నాకిష్టం,atanaṇṭē nākiṣṭaṁ,,,src::site src::book1000 known::40,S0703
Go to hell,,నరకానికి వెళ్ళు,narakāniki veḷḷu,,,src::site src::book1000 known::40,S0704
It's a sin,,అది పాపం,adi pāpaṁ,,,src::site src::book1000 known::40,S0705
Go straight [respectful],,తనగా వెళ్ండి,tanagā veḷṇḍi,,,src::site src::book1000 reg::respectful known::40,S0706
I missed it,,నేనుదానిని కోలోయాను,nēnudānini kōlōyānu,,,src::site src::book1000 known::40,S0707
It's Ramesh,,ఇది రమేష్,idi ramēṣ,,,src::site src::book1000 known::40,S0708
I asked him,,నేనుఆయనని అడిగాను,nēnuāyanani aḍigānu,,,src::site src::book1000 known::40,S0709
Be generous [respectful],,ఉదారంగా ఉండండి,udārangā uṇḍaṇḍi,,,src::site src::book1000 reg::respectful known::40,S0710
Go upstairs ! [respectful],,పైకి వెళ్ళండి,paiki veḷḷaṇḍi,,,src::site src::book1000 reg::respectful known::40,S0711
Do you have ? [respectful],,మీ దెగ్గరఉందా?,mī deggaraundā?,,,src::site src::book1000 reg::respectful known::40,S0712
Nothing else,,ఇంకేమి లేదు,inkēmi lēdu,,,src::site src::book1000 known::40,S0713
Let him come [respectful],,ఆయనని రానివ్వండి,āyanani rānivvaṇḍi,,,src::site src::book1000 reg::respectful known::40,S0714
It is boring,,అది విసుగ్గాఉంది,adi visuggāundi,,,src::site src::book1000 known::40,S0715
Come with me [respectful],,నాతో రండి,nātō raṇḍi,,,src::site src::book1000 reg::respectful known::40,S0716
Listen to me [respectful],,నా మాటవినండి,nā māṭavinaṇḍi,,,src::site src::book1000 reg::respectful known::40,S0717
He has fever,,ఆయనకి జ్వరంఉంది,āyanaki jvaraṁundi,,,src::site src::book1000 known::40,S0718
Can I not go ?,,నేనువెళ్లకుండా ఉండొచ్చా?,nēnuveḷlakuṇḍā uṇḍochchā?,,,src::site src::book1000 known::40,S0719
Who hurt you ?,,ఎవరుమిమ్మల్ని బాధించారు?,evarumimmalni bādhinchāru?,,,src::site src::book1000 known::40,S0720
He had a shop,,ఆయనకి ఒకదుకాణంఉంది,āyanaki okadukāṇaṁundi,,,src::site src::book1000 known::40,S0721
Ring the bell [respectful],,బెల్ మోగించండి,bel mōginchaṇḍi,,,src::site src::book1000 reg::respectful known::40,S0722
Bring it soon [respectful],,తొందరగా తీసుకురండి,tondaragā tīsukuraṇḍi,,,src::site src::book1000 reg::respectful known::40,S0723
Is Suresh in ? [respectful],,సురేష్ లోపలఉన్నారా?,surēṣ lōpalaunnārā?,,,src::site src::book1000 reg::respectful known::40,S0724
Ram is asleep,,రామ్ నిద్రపోయారు,rām nidrapōyāru,,,src::site src::book1000 known::40,S0725
Sumit is here [respectful],,సుమిత్ ఇక్కడఉన్నారు,sumit ikkaḍaunnāru,,,src::site src::book1000 reg::respectful known::40,S0726
It is a chair,,అది ఒకకుర్చీ,adi okakurchī,,,src::site src::book1000 known::40,S0727
Go downstairs ! [respectful],,క్రిందకి వెళ్ళండి,krindaki veḷḷaṇḍi,,,src::site src::book1000 reg::respectful known::40,S0728
May I come in ?,,నేనులోపలికి రావచ్చా?,nēnulōpaliki rāvachchā?,,,src::site src::book1000 known::40,S0729
Who has money ?,,ఎవరి దెగ్గరడబ్బుఉంది?,evari deggaraḍabbuundi?,,,src::site src::book1000 known::40,S0730
Go to the shop [respectful],,దుకాణానికి వెళ్ళండి,dukāṇāniki veḷḷaṇḍi,,,src::site src::book1000 reg::respectful known::40,S0731
Is coffee hot ?,,కాఫీ వేడిగాఉందా ?,kāphī vēḍigāundā ?,,,src::site src::book1000 known::40,S0732
It's up to you,,మీకే వదిలేస్తున్నాం,mīkē vadilēstunnāṁ,,,src::site src::book1000 known::40,S0733
It's delicious,,అది రుచికరమైనది,adi ruchikaramainadi,,,src::site src::book1000 known::40,S0734
He's very lazy,,అతనుచాలా సోమరి,atanuchālā sōmari,,,src::site src::book1000 known::40,S0735
This is a book,,ఇది ఒకపుస్తకం,idi okapustakaṁ,,,src::site src::book1000 known::40,S0736
Wear the shirt [respectful],,చొక్కా ధరించండి,chokkā dharinchaṇḍi,,,src::site src::book1000 reg::respectful known::40,S0737
It was written,,అది వ్రాయబడినది,adi vrāyabaḍinadi,,,src::site src::book1000 known::40,S0738
Do not overeat [respectful],,అతిగా తినకండి,atigā tinakaṇḍi,,,src::site src::book1000 reg::respectful known::40,S0739
It's all right,,సరే అలాగే,sarē alāgē,,,src::site src::book1000 known::40,S0740
Be comfortable [respectful],,సౌక్ర్ంగా ఉండండి,saukrngā uṇḍaṇḍi,,,src::site src::book1000 reg::respectful known::40,S0741
Is Idi this pusthakama? a these? book?,,ఇది ప్పసక్మా?,idi ppasakmā?,,,src::site src::book1000 known::40,S0742
Get on the bus ! [respectful],,బస్సులో ఎక్కండి,bassulō ekkaṇḍi,,,src::site src::book1000 reg::respectful known::40,S0743
Do you need it ?,,మీకుఇది కావాలా?,mīkuidi kāvālā?,,,src::site src::book1000 known::40,S0744
How does he go ?,,ఆయనఎలా వెళ్తారు?,āyanaelā veḷtāru?,,,src::site src::book1000 known::40,S0745
Don't eat often [respectful],,తర్చుగా తనక్ండి,tarchugā tanakṇḍi,,,src::site src::book1000 reg::respectful known::40,S0746
I like them too,,నాకుఅవి నచయ్య,nākuavi nachayya,,,src::site src::book1000 known::40,S0747
"So, who are you?",,అయ్యతే మీరుఎవరు?,ayyatē mīruevaru?,,,src::site src::book1000 known::40,S0748
We are all here,,మేమంతా ఇక్కడఉన్నాం,mēmantā ikkaḍaunnāṁ,,,src::site src::book1000 known::40,S0749
Who called you ?,,మిమ్మల్ని ఎవరుపిలిచారు?,mimmalni evarupilichāru?,,,src::site src::book1000 known::40,S0750
They called you,,వారుమిమ్మల్ని పిలిచారు,vārumimmalni pilichāru,,,src::site src::book1000 known::40,S0751
The gas is over,,గ్యాస్ అయిపోయింది,gyās ayipōyindi,,,src::site src::book1000 known::40,S0752
See you tonight,,ఈరాత్రికి కలుద్దాం,īrātriki kaluddāṁ,,,src::site src::book1000 known::40,S0753
It is wonderful,,ఇది అద్భుతమైనది,idi adbhutamainadi,,,src::site src::book1000 known::40,S0754
Turn on the tap; Turn the tap on [respectful],,ట్యాప్ ఆన్చేయండి,ṭyāp ānchēyaṇḍi,,,src::site src::book1000 reg::respectful known::40,S0755
There was a tap,,ఒకకుళాయి ఉంది,okakuḷāyi undi,,,src::site src::book1000 known::40,S0756
I am used to it,,నాకుఅది అలవాటే,nākuadi alavāṭē,,,src::site src::book1000 known::40,S0757
Rahul has to go,,రాహుల్ వెళ్ళాలి,rāhul veḷḷāli,,,src::site src::book1000 known::40,S0758
Ram never plays,,రామ్ ఎప్పుడుఆడరు,rām eppuḍuāḍaru,,,src::site src::book1000 known::40,S0759
No matter what !,,ఏది ఏమైనా,ēdi ēmainā,,,src::site src::book1000 known::40,S0760
This is a rumor,,ఇది ఒకపుకారు,idi okapukāru,,,src::site src::book1000 known::40,S0761
I keep my words,,నేనునా మాటమీదనిలబడతాను,nēnunā māṭamīdanilabaḍatānu,,,src::site src::book1000 known::40,S0762
Nothing as such,,అలాంటిదేమీ లేదు,alāṇṭidēmī lēdu,,,src::site src::book1000 known::40,S0763
Don't bother me [respectful],,నన్నుఇబ్బంది పెట్టవద్దు,nannuibbandi peṭṭavaddu,,,src::site src::book1000 reg::respectful known::40,S0764
What can I open ?,,నేనుఏమి తెరవగలను?,nēnuēmi teravagalanu?,,,src::site src::book1000 known::40,S0765
Is Shyam coming ? [respectful],,శ్యామ్ వస్తున్నారా?,śyām vastunnārā?,,,src::site src::book1000 reg::respectful known::40,S0766
Not even a bite !,,ఒకముద్దకూడా కాదు,okamuddakūḍā kādu,,,src::site src::book1000 known::40,S0767
How will you go ?,,మీరుఎలా వెళ్తారు?,mīruelā veḷtāru?,,,src::site src::book1000 known::40,S0768
"Somehow , I got it",,ఎలాగో నాకుఅర్థమైంది,elāgō nākuarthamaindi,,,src::site src::book1000 known::40,S0769
Orange is cheap,,నారింజచౌకగా ఉంటుంది,nārinjachaukagā uṇṭundi,,,src::site src::book1000 known::40,S0770
I can't hear you,,నాకుమీ మాటవినిపించడంలేదు,nākumī māṭavinipinchaḍaṁlēdu,,,src::site src::book1000 known::40,S0771
Blow the balloon [respectful],,గాలి బుడగఊదండి,gāli buḍagaūdaṇḍi,,,src::site src::book1000 reg::respectful known::40,S0772
What is he like ?,,ఆయనఎలా ఉంటారు?,āyanaelā uṇṭāru?,,,src::site src::book1000 known::40,S0773
What is written ?,,ఏమి వ్రాయబడింది?,ēmi vrāyabaḍindi?,,,src::site src::book1000 known::40,S0774
What you do say ?,,మీరుఏమి చెబుతారు?,mīruēmi chebutāru?,,,src::site src::book1000 known::40,S0775
Are you at home?,,మీరుఇంటోనే ఉనారా?,mīruiṇṭōnē unārā?,,,src::site src::book1000 known::40,S0776
Nothing happened,,ఏమీ జర్గలేదు,ēmī jargalēdu,,,src::site src::book1000 known::40,S0777
Why is he angry?,,ఆయనఎందుకుకోపంగా ఉనారు?,āyanaendukukōpangā unāru?,,,src::site src::book1000 known::40,S0778
"Yes, he is there",,"అవ్వను, అతనుఅక్డఉనారు","avvanu, atanuakḍaunāru",,,src::site src::book1000 known::40,S0779
What do you buy?,,మీరుఏమి కొంటారు?,mīruēmi koṇṭāru?,,,src::site src::book1000 known::40,S0780
"""This is the Taj Mahal / That is the Taj Mahal""",,ఇది తాజ్ మహల్. / అది తాజ్ మహల్.,idi tāj mahal. / adi tāj mahal.,,near i- vs distant a-,src::site known::40,S0781
This is the Taj Mahal.,,ఇది తాజ్ మహల్.,idi tāj mahal.,,,src::site known::20,S0782
Ramayya called.,,రామయ్య ఫోన్ చేశాడు,rāmayya phōn chēśāḍu,,The name is enough for the listener to know who you mean.,src::site known::20,S0783
Turn it on [respectful],,దాన్ని ఆన్ చేయండి,dānni ān chēyaṇḍi,,,src::site src::book1000 reg::respectful known::20,S0784
He buys pens,,ఆయనఇరవై అయిదు పెన్నులుకొంటారు,āyanairavai ayidu pennulukoṇṭāru,,,src::site src::book1000 known::20,S0785
Turn it [respectful],,దాన్నితిప్పండి,dānnitippaṇḍi,,,src::site src::book1000 reg::respectful known::0,S0786
Lift it [respectful],,దాన్ని ఎత్తండి,dānni ettaṇḍi,,,src::site src::book1000 reg::respectful known::0,S0787
Push it [respectful],,త్రోయుము/నెట్టండి,trōyumu/neṭṭaṇḍi,,,src::site src::book1000 reg::respectful known::0,S0788
Blow it [respectful],,ఊదండి,ūdaṇḍi,,,src::site src::book1000 reg::respectful known::0,S0789
Tear it [respectful],,దాన్నిచింపివేయండి,dānnichimpivēyaṇḍi,,,src::site src::book1000 reg::respectful known::0,S0790
Throw it [respectful],,విసిరేయండి,visirēyaṇḍi,,,src::site src::book1000 reg::respectful known::0,S0791
Paste it [respectful],,అతికించండి,atikinchaṇḍi,,,src::site src::book1000 reg::respectful known::0,S0792
Use this [respectful],,దీన్నిఉపయోగించండి,dīnniupayōginchaṇḍi,,,src::site src::book1000 reg::respectful known::0,S0793
As usual !,,యధావిధిగా,yadhāvidhigā,,,src::site src::book1000 known::0,S0794
Don't cry [respectful],,ఏడవకండి,ēḍavakaṇḍi,,,src::site src::book1000 reg::respectful known::0,S0795
Ignore it [respectful],,దాన్ని విస్మరించండి,dānni vismarinchaṇḍi,,,src::site src::book1000 reg::respectful known::0,S0796
Forget it [respectful],,మర్చిపోండి,marchipōṇḍi,,,src::site src::book1000 reg::respectful known::0,S0797
Take away [respectful],,తీసివేయండి,tīsivēyaṇḍi,,,src::site src::book1000 reg::respectful known::0,S0798
Thannakandi [respectful],,తన్నకండి,tannakaṇḍi,,,src::site src::book1000 reg::respectful known::0,S0799
Don't yell,,కేకలువేయవద్దు,kēkaluvēyavaddu,,,src::site src::book1000 known::0,S0800
I like you,,మీరంటే నాకిష్టం,mīraṇṭē nākiṣṭaṁ,,,src::site src::book1000 known::0,S0801
Find a job [respectful],,ఒకఉద్యోగంవెతుక్కోండి,okaudyōgaṁvetukkōṇḍi,,,src::site src::book1000 reg::respectful known::0,S0802
Be with me [respectful],,నాతోఉండండి,nātōuṇḍaṇḍi,,,src::site src::book1000 reg::respectful known::0,S0803
Be serious [respectful],,తీవ్రంగాఉండండి,tīvrangāuṇḍaṇḍi,,,src::site src::book1000 reg::respectful known::0,S0804
It is love,,ఇదిప్రేమ,idiprēma,,,src::site src::book1000 known::0,S0805
Same to you,,మీకుఅలాగే,mīkualāgē,,,src::site src::book1000 known::0,S0806
Turn it off [respectful],,దాన్నిఆపివేయండి,dānniāpivēyaṇḍi,,,src::site src::book1000 reg::respectful known::0,S0807
Do it later [respectful],,తరువాతచేయండి,taruvātachēyaṇḍi,,,src::site src::book1000 reg::respectful known::0,S0808
Just joking,,ఊరికే హాస్యంచేస్తున్నా,ūrikē hāsyanchēstunnā,,,src::site src::book1000 known::0,S0809
Go to sleep [respectful],,నిద్దురపోండి,niddurapōṇḍi,,,src::site src::book1000 reg::respectful known::0,S0810
Don't do it [respectful],,దీన్నిచేయకండి,dīnnichēyakaṇḍi,,,src::site src::book1000 reg::respectful known::0,S0811
Let it rain,,వానపడనీ,vānapaḍanī,,,src::site src::book1000 known::0,S0812
Don't delay ! [respectful],,ఆలస్యంచేయకండి,ālasyanchēyakaṇḍi,,,src::site src::book1000 reg::respectful known::0,S0813
In minutes,,అయిదునిమిషాల్లో,ayidunimiṣāllō,,,src::site src::book1000 known::0,S0814
Open the lid [respectful],,మూతతెరవండి,mūtateravaṇḍi,,,src::site src::book1000 reg::respectful known::0,S0815
Stop playing [respectful],,ఆడటంమానేయండి,āḍaṭammānēyaṇḍi,,,src::site src::book1000 reg::respectful known::0,S0816
Don't forget [respectful],,మర్చిపోకండి,marchipōkaṇḍi,,,src::site src::book1000 reg::respectful known::0,S0817
It is cloudy,,మబ్బులుకమ్ముకునిఉంది,mabbulukammukuniundi,,,src::site src::book1000 known::0,S0818
Don't be shy [respectful],,సిగ్గుపడకండి,siggupaḍakaṇḍi,,,src::site src::book1000 reg::respectful known::0,S0819
Close the lid [respectful],,మూతమూసివేయండి,mūtamūsivēyaṇḍi,,,src::site src::book1000 reg::respectful known::0,S0820
Show yourself [respectful],,మీరేంటో నిరూపించుకోండి,mīrēṇṭō nirūpinchukōṇḍi,,,src::site src::book1000 reg::respectful known::0,S0821
Wait a minute [respectful],,ఒకనిమిషంఆగండి,okanimiṣaṁāgaṇḍi,,,src::site src::book1000 reg::respectful known::0,S0822
Give rupees [respectful],,ఆరురూపాయలుఇవ్వండి,ārurūpāyaluivvaṇḍi,,,src::site src::book1000 reg::respectful known::0,S0823
In which way ?,,ఏవిధంగా?,ēvidhangā?,,,src::site src::book1000 known::0,S0824
Wash the bike [respectful],,బైక్తుదచండి,baiktudachaṇḍi,,,src::site src::book1000 reg::respectful known::0,S0825
What's in it ?,,ఇందులో ఏముంది ?,indulō ēmundi ?,,,src::site src::book1000 known::0,S0826
Get well soon [respectful],,తొందరగా కోలుకోండి,tondaragā kōlukōṇḍi,,,src::site src::book1000 reg::respectful known::0,S0827
Happy New Year,,నూతనసంవత్సరశుభాకాంక్షలు,nūtanasaṁvatsaraśubhākānkṣalu,,,src::site src::book1000 known::0,S0828
You know what,,నీకుతెలుసా,nīkutelusā,,,src::site src::book1000 known::0,S0829
Are you sick ?,,మీకుఒంట్లో బాలేదా?,mīkuoṇṭlō bālēdā?,,,src::site src::book1000 known::0,S0830
Just like that,,ఊరికే,ūrikē,,,src::site src::book1000 known::0,S0831
How big is it ?,,అదిఎంతపెద్దది?,adientapeddadi?,,,src::site src::book1000 known::0,S0832
I am a teacher,,నేనొకఉపాధ్యాయుడిని,nēnokaupādhyāyuḍini,,,src::site src::book1000 known::0,S0833
Do not gesture [respectful],,సంజ్ఞచేయకండి,sanjñachēyakaṇḍi,,,src::site src::book1000 reg::respectful known::0,S0834
Don't touch it [respectful],,దాన్ని తాకకండి,dānni tākakaṇḍi,,,src::site src::book1000 reg::respectful known::0,S0835
Don't be hasty [respectful],,తొందరపడకండి,tondarapaḍakaṇḍi,,,src::site src::book1000 reg::respectful known::0,S0836
Don't hesitate [respectful],,మొహమాటంపడకండి,mohamāṭampaḍakaṇḍi,,,src::site src::book1000 reg::respectful known::0,S0837
Don't you know?,,మీకుతెల్లయదా?,mīkutellayadā?,,,src::site src::book1000 known::0,S0838
Are you a girl?,,నీవ్వఆడపలవా?,nīvvaāḍapalavā?,,,src::site src::book1000 known::0,S0839
Don't be silly ! [respectful],,వెర్రిఉండకండి,verriuṇḍakaṇḍi,,,src::site src::book1000 reg::respectful known::0,S0840
Battery betternow isgone poindi [respectful],,Battery బాటర్చపోయ్యంది,Battery bāṭarchapōyyandi,,,src::site src::book1000 reg::respectful known::0,S0841
There is a lamp,,ఒకదీపంఉంది,okadīpaṁundi,,,src::site src::book1000 known::0,S0842
Do you like it ?,,మీకునచ్చిందా?,mīkunachchindā?,,,src::site src::book1000 known::0,S0843
Call the police [respectful],,పోలీసులనుపిలవండి,pōlīsulanupilavaṇḍi,,,src::site src::book1000 reg::respectful known::0,S0844
You are welcome,,మీకుస్వాగతం,mīkusvāgataṁ,,,src::site src::book1000 known::0,S0845
Get off the bus ! [respectful],,బస్సునుండి దిగిపోండి,bassunuṇḍi digipōṇḍi,,,src::site src::book1000 reg::respectful known::0,S0846
What's going on ?,,ఏంజరుగుతోంది?,ēnjarugutōndi?,,,src::site src::book1000 known::0,S0847
Who is that boy ?,,ఆబాబుఎవరు?,ābābuevaru?,,,src::site src::book1000 known::0,S0848
Rare opportunity,,అరుదైనఅవకాశం,arudainaavakāśaṁ,,,src::site src::book1000 known::0,S0849
Do you know her ?,,మీకుఆవిడతెలుసా?,mīkuāviḍatelusā?,,,src::site src::book1000 known::0,S0850
