English,Romanized,TeluguScript,Audio,Example,Tags,ID,Source,Section,Category,Tier,Flag,AlsoSeenIn
I,nēnu,నేను,,nēnu vidyārthini.,src::lesson-01 cat::pronoun tier::core,W0001,"Lesson 1 · Pronouns & the missing ""to be""",Pronouns — subject,pronoun,core,,
you (informal — close friends/family only),nuvvu,నువ్వు,,nuvvu vidyārthivi.,src::lesson-01 cat::pronoun tier::core,W0002,"Lesson 1 · Pronouns & the missing ""to be""",Pronouns — subject,pronoun,core,,
you (formal / plural — the safe default),mīru,మీరు,,mīru ṭīcharu.,src::lesson-01 cat::pronoun tier::core,W0003,"Lesson 1 · Pronouns & the missing ""to be""",Pronouns — subject,pronoun,core,,
we (inclusive — includes the listener),manamu,మనము,,manam vidyārthulamu.,src::lesson-01 cat::pronoun tier::core,W0004,"Lesson 1 · Pronouns & the missing ""to be""",Pronouns — subject,pronoun,core,,
we (exclusive — not the listener),mēmu,మేము,,mēmu vidyārthulamu.,src::lesson-01 cat::pronoun tier::core,W0005,"Lesson 1 · Pronouns & the missing ""to be""",Pronouns — subject,pronoun,core,,
he (formal — to/about an elder),āyana,ఆయన,,āyana ṭīcharu.,src::lesson-01 cat::pronoun tier::core,W0006,"Lesson 1 · Pronouns & the missing ""to be""",Pronouns — he / she (distant),pronoun,core,,
he (neutral — the default form),atanu,అతను,,atanu vidyārthi.,src::lesson-01 cat::pronoun tier::core,W0007,"Lesson 1 · Pronouns & the missing ""to be""",Pronouns — he / she (distant),pronoun,core,,
"he (informal — intimates only, caution)",vāḍu,వాడు,,vāḍu vidyārthi.,src::lesson-01 cat::pronoun tier::core,W0008,"Lesson 1 · Pronouns & the missing ""to be""",Pronouns — he / she (distant),pronoun,core,,
she (formal — to/about an elder),āviḍa,ఆవిడ,,āviḍa ṭīcharu.,src::lesson-01 cat::pronoun tier::core,W0009,"Lesson 1 · Pronouns & the missing ""to be""",Pronouns — he / she (distant),pronoun,core,,
she (neutral — the default form),āme,ఆమె,,āme vidyārthi.,src::lesson-01 cat::pronoun tier::core,W0010,"Lesson 1 · Pronouns & the missing ""to be""",Pronouns — he / she (distant),pronoun,core,,
it / she (informal) — that one,adi,అది,,adi kāru.,src::lesson-01 cat::pronoun-demonstrative tier::core,W0011,"Lesson 1 · Pronouns & the missing ""to be""",Pronouns — it / they & demonstratives,pronoun-demonstrative,core,,
this / it — the near form of adi,idi,ఇది,,idi kāru.,src::lesson-01 cat::pronoun-demonstrative tier::core,W0012,"Lesson 1 · Pronouns & the missing ""to be""",Pronouns — it / they & demonstratives,pronoun-demonstrative,core,,
they (people),vāḷḷu,వాళ్ళు,,vāḷḷu vidyārthulu.,src::lesson-01 cat::pronoun tier::core,W0013,"Lesson 1 · Pronouns & the missing ""to be""",Pronouns — it / they & demonstratives,pronoun,core,,
they (things / non-human),avi,అవి,,avi kārlu.,src::lesson-01 cat::pronoun-demonstrative tier::core,W0014,"Lesson 1 · Pronouns & the missing ""to be""",Pronouns — it / they & demonstratives,pronoun-demonstrative,core,,
"he (formal, nearby — near form of āyana)",īyana,ఈయన,,īyana ṭīcharu.,src::lesson-01 cat::pronoun tier::core,W0015,"Lesson 1 · Pronouns & the missing ""to be""",Pronouns — near counterparts,pronoun,core,,
"he (neutral, nearby — near form of atanu)",itanu,ఇతను,,itanu vidyārthi.,src::lesson-01 cat::pronoun tier::core,W0016,"Lesson 1 · Pronouns & the missing ""to be""",Pronouns — near counterparts,pronoun,core,,
"he (informal, nearby — near form of vāḍu)",vīḍu,వీడు,,vīḍu vidyārthi.,src::lesson-01 cat::pronoun tier::core,W0017,"Lesson 1 · Pronouns & the missing ""to be""",Pronouns — near counterparts,pronoun,core,,
"she (formal, nearby — near form of āviḍa)",īviḍa,ఈవిడ,,īviḍa ṭīcharu.,src::lesson-01 cat::pronoun tier::core,W0018,"Lesson 1 · Pronouns & the missing ""to be""",Pronouns — near counterparts,pronoun,core,,
"she (neutral, nearby — near form of āme)",īme,ఈమె,,īme vidyārthi.,src::lesson-01 cat::pronoun tier::core,W0019,"Lesson 1 · Pronouns & the missing ""to be""",Pronouns — near counterparts,pronoun,core,,
they (nearby people — near form of vāḷḷu),vīḷḷu,వీళ్ళు,,vīḷḷu vidyārthulu.,src::lesson-01 cat::pronoun tier::core,W0020,"Lesson 1 · Pronouns & the missing ""to be""",Pronouns — near counterparts,pronoun,core,,
these (objects / non-human — near form of avi),ivi,ఇవి,,ivi kārlu.,src::lesson-01 cat::pronoun-demonstrative tier::core,W0021,"Lesson 1 · Pronouns & the missing ""to be""",Pronouns — near counterparts,pronoun-demonstrative,core,,
student,vidyārthi,విద్యార్థి,,Raj vidyārthi.,src::lesson-01 cat::noun tier::core,W0022,"Lesson 1 · Pronouns & the missing ""to be""",Nouns & the little words,noun,core,,
students (plural),vidyārthulu,విద్యార్థులు,,vāḷḷu vidyārthulu.,src::lesson-01 cat::noun tier::core,W0023,"Lesson 1 · Pronouns & the missing ""to be""",Nouns & the little words,noun,core,,
teacher (loanword),ṭīcharu,టీచర్,,mīru ṭīcharu.,src::lesson-01 cat::noun tier::core,W0024,"Lesson 1 · Pronouns & the missing ""to be""",Nouns & the little words,noun,core,,
car (loanword),kāru,కారు,,idi kāru.,src::lesson-01 cat::noun tier::core,W0025,"Lesson 1 · Pronouns & the missing ""to be""",Nouns & the little words,noun,core,,
"a / an (indefinite — optional, for emphasis)",oka,ఒక,,oka vidyārthi.,src::lesson-01 cat::numeral-determiner tier::core,W0026,"Lesson 1 · Pronouns & the missing ""to be""",Nouns & the little words,numeral-determiner,core,,
"a greeting — ""hello / greetings""",namaskāraṁ,నమస్కారం,,namaskāraṁ aṇḍi.,src::lesson-01 cat::formula tier::core,W0027,"Lesson 1 · Pronouns & the missing ""to be""",Nouns & the little words,formula,core,,
boy,abbāyi,అబ్బాయి,,nēnu abbāyini.,src::lesson-02 cat::noun tier::core,W0028,Lesson 2 · Introductions,Describing yourself — people words,noun,core,,song-gira-gira
girl,ammāyi,అమ్మాయి,,nēnu ammāyini.,src::lesson-02 cat::noun tier::core,W0029,Lesson 2 · Introductions,Describing yourself — people words,noun,core,,
man (course form — see rule 04; Lesson 4 confirms this means “husband”),moguḍu,మొగుడు,,nā moguḍu enjinīr.,src::lesson-02 cat::noun-family tier::core,W0030,Lesson 2 · Introductions,Describing yourself — people words,noun-family,core,,lesson-04
woman,āḍadi,ఆడది,,nēnu āḍadini.,src::lesson-02 cat::noun tier::core,W0031,Lesson 2 · Introductions,Describing yourself — people words,noun,core,,
person / human being,manishi,మనిషి,,nēnu manishini.,src::lesson-02 cat::noun tier::core,W0032,Lesson 2 · Introductions,Describing yourself — people words,noun,core,,
"teacher (male, formal Telugu form)",upādhyāyuḍu,ఉపాధ్యాయుడు,,nēnu upādhyāyuḍini.,src::lesson-02 cat::noun-profession tier::core,W0033,Lesson 2 · Introductions,Professions — Telugu forms,noun-profession,core,,
"teacher (female, formal Telugu form)",upādhyāyurālu,ఉపాధ్యాయురాలు,,nēnu upādhyāyurālini.,src::lesson-02 cat::noun-profession tier::core,W0034,Lesson 2 · Introductions,Professions — Telugu forms,noun-profession,core,,
"doctor (male, formal Telugu form)",vaidyuḍu,వైద్యుడు,,āyana oka vaidyuḍu.,src::lesson-02 cat::noun-profession tier::core,W0035,Lesson 2 · Introductions,Professions — Telugu forms,noun-profession,core,,
"doctor (female, formal Telugu form)",vaidyurālu,వైద్యురాలు,,āme oka vaidyurālu.,src::lesson-02 cat::noun-profession tier::core,W0036,Lesson 2 · Introductions,Professions — Telugu forms,noun-profession,core,,
lawyer,nyāyavādi,న్యాయవాది,,nēnu nyāyavādini.,src::lesson-02 cat::noun-profession tier::core,W0037,Lesson 2 · Introductions,Professions — Telugu forms,noun-profession,core,,
"engineer (Telugu form — recognise only, never used in speech)",abhiyanta,అభియంత,,nēnu enjinīrni.,src::lesson-02 cat::noun-profession tier::core,W0038,Lesson 2 · Introductions,Professions — Telugu forms,noun-profession,core,,
doctor (loanword — the everyday choice),ḍākṭaru,డాక్టర్,,nā ḍākṭar pēru Sophia.,src::lesson-02 cat::noun-profession tier::core,W0039,Lesson 2 · Introductions,Professions — Telugu forms,noun-profession,core,,
my (before a noun),nā,నా,,nā pēru Raj.,src::lesson-02 cat::possessive tier::core,W0040,Lesson 2 · Introductions,Possessives,possessive,core,,
"our (before a noun — also ""my"" for close family)",mā,మా,,mā amma pēru Sunita.,src::lesson-02 cat::possessive tier::core,W0041,Lesson 2 · Introductions,Possessives,possessive,core,,
mine (stands alone),nādi,నాది,,nādi oka kāru.,src::lesson-02 cat::possessive tier::core,W0042,Lesson 2 · Introductions,Possessives,possessive,core,,
ours (stands alone — used for hometown),mādi,మాది,,mādi Hyderabad.,src::lesson-02 cat::possessive tier::core,W0043,Lesson 2 · Introductions,Possessives,possessive,core,,
name (long ē — not like the country Peru),pēru,పేరు,,nā pēru Raj.,src::lesson-02 cat::noun tier::core,W0044,Lesson 2 · Introductions,"Name, age, numbers",noun,core,,
age,vayasu,వయసు,,nā vayasu iravai.,src::lesson-02 cat::noun tier::core,W0045,Lesson 2 · Introductions,"Name, age, numbers",noun,core,,
twenty (20),iravai,ఇరవై,,nā vayasu iravai.,src::lesson-02 cat::numeral tier::core,W0046,Lesson 2 · Introductions,"Name, age, numbers",numeral,core,,
thirty (30),muppai,ముప్పై,,nā vayasu muppai.,src::lesson-02 cat::numeral tier::core,W0047,Lesson 2 · Introductions,"Name, age, numbers",numeral,core,,
"mother (say ""mā amma"" for ""my mother"")",amma,అమ్మ,,mā amma pēru Sunita.,src::lesson-02 cat::noun-family tier::core,W0048,Lesson 2 · Introductions,Family & people close to you,noun-family,core,,
"father (say ""mā nāna"" for ""my father"")",nāna,నాన్న,,mā nāna pēru John.,src::lesson-02 cat::noun-family tier::core,W0049,Lesson 2 · Introductions,Family & people close to you,noun-family,core,,
friend (male),snēhituḍu,స్నేహితుడు,,nā snēhituḍu vidyārthi.,src::lesson-02 cat::noun tier::core,W0050,Lesson 2 · Introductions,Family & people close to you,noun,core,,
friend (female),snēhiturālu,స్నేహితురాలు,,nā snēhiturālu vidyārthi.,src::lesson-02 cat::noun tier::core,W0051,Lesson 2 · Introductions,Family & people close to you,noun,core,,
wife,bhārya,భార్య,,nā bhārya pēru Namrata.,src::lesson-02 cat::noun-family tier::core,W0052,Lesson 2 · Introductions,Family & people close to you,noun-family,core,,
husband,bharta,భర్త,,nā bharta oka ṭīcharu.,src::lesson-02 cat::noun-family tier::core,W0053,Lesson 2 · Introductions,Family & people close to you,noun-family,core,,
town / hometown,ūru,ఊరు,,mā ūru Hyderabad.,src::lesson-02 cat::noun tier::core,W0054,Lesson 2 · Introductions,Where you're from,noun,core,,
native place (own town),sonta ūru,సొంత ఊరు,,mā sonta ūru Hyderabad.,src::lesson-02 cat::phrase tier::core,W0055,Lesson 2 · Introductions,Where you're from,phrase,core,,
country,dēśam,దేశం,,mādi Bhārata Dēśam.,src::lesson-02 cat::noun tier::core,W0056,Lesson 2 · Introductions,Where you're from,noun,core,,
"India (ancient name + ""country"")",Bhārata Dēśam,భారత దేశం,,mādi Bhārata Dēśam.,src::lesson-02 cat::proper-noun tier::core,W0057,Lesson 2 · Introductions,Where you're from,proper-noun,core,,
Indian (male),bhāratīyuḍu,భారతీయుడు,,nēnu bhāratīyuḍini.,src::lesson-02 cat::noun tier::core,W0058,Lesson 2 · Introductions,Where you're from,noun,core,,
Indian (female),bhāratīyurālu,భారతీయురాలు,,nēnu bhāratīyurālini.,src::lesson-02 cat::noun tier::core,W0059,Lesson 2 · Introductions,Where you're from,noun,core,,
mother tongue,mātṛbhāṣa,మాతృభాష,,mā mātṛbhāṣa Telugu.,src::lesson-02 cat::noun tier::core,W0060,Lesson 2 · Introductions,Where you're from,noun,core,,
thank you,dhanyavādālu,ధన్యవాదాలు,,dhanyavādālu.,src::lesson-02 cat::formula tier::core,W0061,Lesson 2 · Introductions,Closing,formula,core,,
"goodbye (lit. ""I'll come back"")",vastānu,వస్తాను,,vastānandi.,src::lesson-03 cat::formula tier::core,W0062,Lesson 3 · Greetings & courtesy,Opening & closing,formula,core,,
please come in / welcome (colloquial),raṇḍi,రండి,,"raṇḍi, raṇḍi.",src::lesson-03 cat::formula tier::core,W0063,Lesson 3 · Greetings & courtesy,Opening & closing,formula,core,,
come (base verb — becomes raṇḍi with aṇḍi),rā,రా,,rā + aṇḍi → raṇḍi,src::lesson-03 cat::verb tier::core,W0064,Lesson 3 · Greetings & courtesy,Opening & closing,verb,core,,
welcome (formal — banners and speeches),svāgataṁ,స్వాగతం,,svāgataṁ aṇḍi.,src::lesson-03 cat::formula tier::core,W0065,Lesson 3 · Greetings & courtesy,Opening & closing,formula,core,,
thank you (colloquial hybrid — the everyday choice),thanks aṇḍi,థాంక్స్ అండి,,thanks aṇḍi.,src::lesson-03 cat::formula tier::core,W0066,Lesson 3 · Greetings & courtesy,Opening & closing,formula,core,,
yes,avunu,అవును,,avunandi.,src::lesson-03 cat::response tier::core,W0067,Lesson 3 · Greetings & courtesy,"Yes, no, okay",response,core,,
okay,sarē,సరే,,sarē aṇḍi.,src::lesson-03 cat::response tier::core,W0068,Lesson 3 · Greetings & courtesy,"Yes, no, okay",response,core,,
no — it doesn't exist / isn't there / I don't have it,lēdu,లేదు,,lēdandi.,src::lesson-03 cat::negation tier::core,W0069,Lesson 3 · Greetings & courtesy,"Yes, no, okay",negation,core,,
no — I don't want it (declining),vaddu,వద్దు,,"vaddandi, thanks aṇḍi.",src::lesson-03 cat::negation tier::core,W0070,Lesson 3 · Greetings & courtesy,"Yes, no, okay",negation,core,,
no — it is not (negating a statement),kādu,కాదు,,idi kāru kādu.,src::lesson-03 cat::negation tier::core,W0071,Lesson 3 · Greetings & courtesy,"Yes, no, okay",negation,core,,
"sorry (lit. ""forgive me"")",kṣaminchandi,క్షమించండి,,kṣaminchandi.,src::lesson-03 cat::formula tier::core,W0072,Lesson 3 · Greetings & courtesy,Courtesy,formula,core,,
It's okay / no problem / never mind,parvālēdu,పర్వాలేదు,,parvālēdu aṇḍi.,src::lesson-03 cat::formula tier::core,W0073,Lesson 3 · Greetings & courtesy,Courtesy,formula,core,,scenario-how-was-your-day
please (rare — politeness usually goes in the suffix),dayacēsi,దయచేసి,,"raṇḍi (not ""dayacēsi raṇḍi"")",src::lesson-03 cat::formula tier::core,W0074,Lesson 3 · Greetings & courtesy,Courtesy,formula,core,,
well done / congratulations,śabhāṣ,శభాష్,,śabhāṣ!,src::lesson-03 cat::formula tier::core,W0075,Lesson 3 · Greetings & courtesy,Courtesy,formula,core,,
"good — nice, noble, morally good",manchidi,మంచిది,,manchidi.,src::lesson-03 cat::adjective tier::core,W0076,Lesson 3 · Greetings & courtesy,"Good, and asking how someone is",adjective,core,,
"good — fine, going well (food, trips, states)",bāgundi,బాగుంది,,bāgundi aṇḍi.,src::lesson-03 cat::adjective tier::core,W0077,Lesson 3 · Greetings & courtesy,"Good, and asking how someone is",adjective,core,,scenario-how-was-your-day
"how are you? (lit. ""are you fine?"")",bāgunnārā,బాగున్నారా,,mīru bāgunnārā?,src::lesson-03 cat::formula tier::core,W0078,Lesson 3 · Greetings & courtesy,"Good, and asking how someone is",formula,core,,
I am fine,bāgunnānu,బాగున్నాను,,nēnu bāgunnānu.,src::lesson-03 cat::formula tier::core,W0079,Lesson 3 · Greetings & courtesy,"Good, and asking how someone is",formula,core,,scenario-how-was-your-day
let's go,pada,పద,,padaṇḍi.,src::lesson-03 cat::verb tier::core,W0080,Lesson 3 · Greetings & courtesy,Getting things done,verb,core,,
how much,enta,ఎంత,,idi enta?,src::lesson-03 cat::question-word tier::core,W0081,Lesson 3 · Greetings & courtesy,Getting things done,question-word,core,,
here you go (handing something over),idigō,ఇదిగో,,idigōṇḍi.,src::lesson-03 cat::formula tier::core,W0082,Lesson 3 · Greetings & courtesy,Getting things done,formula,core,,
"doesn't come — used for ""I don't know [a language]""",rādu,రాదు,,Telugu rādu.,src::lesson-03 cat::verb-negative tier::core,W0083,Lesson 3 · Greetings & courtesy,Talking about language,verb-negative,core,,
do you know?,telusā,తెలుసా,,English telusā?,src::lesson-03 cat::question tier::core,W0084,Lesson 3 · Greetings & courtesy,Talking about language,question,core,,
elder sister,akka,అక్క,,mā akka vidyārthi.,src::lesson-04 cat::noun-family tier::core,W0085,Lesson 4 · Family,Siblings,noun-family,core,,
younger sister,chelli,చెల్లి,,mā chelli ammāyi.,src::lesson-04 cat::noun-family tier::core,W0086,Lesson 4 · Family,Siblings,noun-family,core,,
elder brother (shortens to anna),annayya,అన్నయ్య,,mā annayya ḍākṭar.,src::lesson-04 cat::noun-family tier::core,W0087,Lesson 4 · Family,Siblings,noun-family,core,,
younger brother,tammuḍu,తమ్ముడు,,mā tammuḍu vidyārthi.,src::lesson-04 cat::noun-family tier::core,W0088,Lesson 4 · Family,Siblings,noun-family,core,,
maternal grandmother (mother's mother),ammamma,అమ్మమ్మ,,mā ammamma gāru.,src::lesson-04 cat::noun-family tier::core,W0089,Lesson 4 · Family,Grandparents & the honorific,noun-family,core,,
paternal grandmother (father's mother),nānamma,నానమ్మ,,mā nānamma gāru.,src::lesson-04 cat::noun-family tier::core,W0090,Lesson 4 · Family,Grandparents & the honorific,noun-family,core,,
grandfather (either side),tāta,తాత,,mā tāta gāru.,src::lesson-04 cat::noun-family tier::core,W0091,Lesson 4 · Family,Grandparents & the honorific,noun-family,core,,
honorific suffix for people (respect),gāru,గారు,,Raj gāru.,src::lesson-04 cat::honorific tier::core,W0092,Lesson 4 · Family,Grandparents & the honorific,honorific,core,,
"big, elder",pedda,పెద్ద,,pedda + amma → peddamma,src::lesson-04 cat::adjective tier::core,W0093,Lesson 4 · Family,Building blocks,adjective,core,,
"small, young",chinna,చిన్న,,chinna + nāna → chinnāna,src::lesson-04 cat::adjective tier::core,W0094,Lesson 4 · Family,Building blocks,adjective,core,,
mother's brother (any age),māmayya,మామయ్య,,mā māmayya enjinīr.,src::lesson-04 cat::noun-family tier::core,W0095,Lesson 4 · Family,Uncles & aunts — maternal side,noun-family,core,,
"mother's ELDER sister (lit. ""elder mother"")",peddamma,పెద్దమ్మ,,mā peddamma gāru.,src::lesson-04 cat::noun-family tier::core,W0096,Lesson 4 · Family,Uncles & aunts — maternal side,noun-family,core,,
mother's YOUNGER sister,pinni,పిన్ని,,mā pinni ṭīcharu.,src::lesson-04 cat::noun-family tier::core,W0097,Lesson 4 · Family,Uncles & aunts — maternal side,noun-family,core,,
father's sister (any age) — also mother-in-law,atta,అత్త,,mā atta gāru.,src::lesson-04 cat::noun-family tier::core,W0098,Lesson 4 · Family,Uncles & aunts — paternal side,noun-family,core,,
"father's ELDER brother (lit. ""elder father"")",peddanāna,పెద్దనాన్న,,mā peddanāna gāru.,src::lesson-04 cat::noun-family tier::core,W0099,Lesson 4 · Family,Uncles & aunts — paternal side,noun-family,core,,
"father's YOUNGER brother (lit. ""younger father"")",chinnāna,చిన్నాన్న,,mā chinnāna vaidyuḍu.,src::lesson-04 cat::noun-family tier::core,W0100,Lesson 4 · Family,Uncles & aunts — paternal side,noun-family,core,,
wife (colloquial — bhārya is the formal word),pellām,పెళ్ళాం,,nā pellām ṭīcharu.,src::lesson-04 cat::noun-family tier::core,W0101,Lesson 4 · Family,Spouse & in-laws,noun-family,core,,
father-in-law (either side),māma gāru,మామ గారు,,mā māma gāru.,src::lesson-04 cat::noun-family tier::core,W0102,Lesson 4 · Family,Spouse & in-laws,noun-family,core,,
children (collective),pillalu,పిల్లలు,,mā pillalu vidyārthulu.,src::lesson-04 cat::noun-family tier::core,W0103,Lesson 4 · Family,Children,noun-family,core,,
daughter,kūturu,కూతురు,,mā kūturu vidyārthi.,src::lesson-04 cat::noun-family tier::core,W0104,Lesson 4 · Family,Children,noun-family,core,,
son,koḍuku,కొడుకు,,mā koḍuku abbāyi.,src::lesson-04 cat::noun-family tier::core,W0105,Lesson 4 · Family,Children,noun-family,core,,
son-in-law,alluḍu,అల్లుడు,,nēnu alluḍini.,src::lesson-04 cat::noun-family tier::core,W0106,Lesson 4 · Family,Children,noun-family,core,,
daughter-in-law,kōḍalu,కోడలు,,mā kōḍalu ḍākṭar.,src::lesson-04 cat::noun-family tier::core,W0107,Lesson 4 · Family,Children,noun-family,core,,
grandchildren (collective),manavalu,మనవలు,,mā manavalu.,src::lesson-04 cat::noun-family tier::core,W0108,Lesson 4 · Family,Grandchildren,noun-family,core,,
grandson (variant: manumaḍu),manavaḍu,మనవడు,,mā manavaḍu vidyārthi.,src::lesson-04 cat::noun-family tier::core,W0109,Lesson 4 · Family,Grandchildren,noun-family,core,,
granddaughter (variant: manumarālu),manavarālu,మనవరాలు,,mā manavarālu ammāyi.,src::lesson-04 cat::noun-family tier::core,W0110,Lesson 4 · Family,Grandchildren,noun-family,core,,
our — INCLUDING the listener,mana,మన,,mana pērlu.,src::lesson-05 cat::possessive tier::core,W0111,Lesson 5 · Possessives,First & second person possessives,possessive,core,,
your (formal / plural — the safe default),mī,మీ,,mī pēru ēmiṭi?,src::lesson-05 cat::possessive tier::core,W0112,Lesson 5 · Possessives,First & second person possessives,possessive,core,,
"your (informal — close friends, younger people)",nī,నీ,,nī pēru ēnti?,src::lesson-05 cat::possessive tier::core,W0113,Lesson 5 · Possessives,First & second person possessives,possessive,core,,
his (neutral — the default form),atani,అతని,,atani pēru Sanjay.,src::lesson-05 cat::possessive tier::core,W0114,Lesson 5 · Possessives,Third person possessives,possessive,core,,
his (informal — intimates only),vāḍi,వాడి,,vāḍi pēru Peter.,src::lesson-05 cat::possessive tier::core,W0115,Lesson 5 · Possessives,Third person possessives,possessive,core,,
her (informal) / its,dāni,దాని,,dāni pēru Gita.,src::lesson-05 cat::possessive tier::core,W0116,Lesson 5 · Possessives,Third person possessives,possessive,core,,
their (people),vāḷḷa,వాళ్ళ,,vāḷḷa pērlu.,src::lesson-05 cat::possessive tier::core,W0117,Lesson 5 · Possessives,Third person possessives,possessive,core,,
their (objects / non-human),vāṭi,వాటి,,vāṭi pērlu.,src::lesson-05 cat::possessive tier::core,W0118,Lesson 5 · Possessives,Third person possessives,possessive,core,,
what (colloquially ēnti),ēmiṭi,ఏమిటి,,mī pēru ēmiṭi?,src::lesson-05 cat::question-word tier::core,W0119,Lesson 5 · Possessives,"Asking, and plural nouns",question-word,core,,
names (plural of pēru),pērlu,పేర్లు,,vāḷḷa pērlu.,src::lesson-05 cat::noun tier::core,W0120,Lesson 5 · Possessives,"Asking, and plural nouns",noun,core,,
zero,sunnā,సున్నా,,sunnā.,src::lesson-06 cat::numeral tier::core,W0121,Lesson 6 · Numbers,Core — 1 to 10 (learn these first),numeral,core,,
"one (standalone — ""oka"" before a noun)",okaṭi,ఒకటి,,okaṭi ivvaṇḍi.,src::lesson-06 cat::numeral tier::core,W0122,Lesson 6 · Numbers,Core — 1 to 10 (learn these first),numeral,core,,
two,reṇḍu,రెండు,,reṇḍu kārlu.,src::lesson-06 cat::numeral tier::core,W0123,Lesson 6 · Numbers,Core — 1 to 10 (learn these first),numeral,core,,song-gira-gira
three,mūḍu,మూడు,,mūḍu pustakālu.,src::lesson-06 cat::numeral tier::core,W0124,Lesson 6 · Numbers,Core — 1 to 10 (learn these first),numeral,core,,
four,nālugu,నాలుగు,,nālugu.,src::lesson-06 cat::numeral tier::core,W0125,Lesson 6 · Numbers,Core — 1 to 10 (learn these first),numeral,core,,
five,aidu,ఐదు,,aidu rūpāyalu.,src::lesson-06 cat::numeral tier::core,W0126,Lesson 6 · Numbers,Core — 1 to 10 (learn these first),numeral,core,,
six,āru,ఆరు,,āru.,src::lesson-06 cat::numeral tier::core,W0127,Lesson 6 · Numbers,Core — 1 to 10 (learn these first),numeral,core,,
seven,ēḍu,ఏడు,,ēḍu.,src::lesson-06 cat::numeral tier::core,W0128,Lesson 6 · Numbers,Core — 1 to 10 (learn these first),numeral,core,,
eight,enimidi,ఎనిమిది,,enimidi.,src::lesson-06 cat::numeral tier::core,W0129,Lesson 6 · Numbers,Core — 1 to 10 (learn these first),numeral,core,,
nine,tommidi,తొమ్మిది,,tommidi.,src::lesson-06 cat::numeral tier::core,W0130,Lesson 6 · Numbers,Core — 1 to 10 (learn these first),numeral,core,,
ten,padi,పది,,padi mandi.,src::lesson-06 cat::numeral tier::core,W0131,Lesson 6 · Numbers,Core — 1 to 10 (learn these first),numeral,core,,
forty,nalabhai,నలభై,,nā vayasu nalabhai.,src::lesson-06 cat::numeral tier::core,W0132,Lesson 6 · Numbers,Tens — 40 to 90 (20 and 30 already in your deck),numeral,core,,
fifty,yābhai,యాభై,,yābhai rūpāyalu.,src::lesson-06 cat::numeral tier::core,W0133,Lesson 6 · Numbers,Tens — 40 to 90 (20 and 30 already in your deck),numeral,core,,
sixty,aravai,అరవై,,aravai.,src::lesson-06 cat::numeral tier::core,W0134,Lesson 6 · Numbers,Tens — 40 to 90 (20 and 30 already in your deck),numeral,core,,
seventy,ḍebbhai,డెబ్బై,,ḍebbhai.,src::lesson-06 cat::numeral tier::core,W0135,Lesson 6 · Numbers,Tens — 40 to 90 (20 and 30 already in your deck),numeral,core,,
eighty,enabhai,ఎనభై,,enabhai.,src::lesson-06 cat::numeral tier::core,W0136,Lesson 6 · Numbers,Tens — 40 to 90 (20 and 30 already in your deck),numeral,core,,
ninety,tombhai,తొంభై,,tombhai tommidi = 99.,src::lesson-06 cat::numeral tier::core,W0137,Lesson 6 · Numbers,Tens — 40 to 90 (20 and 30 already in your deck),numeral,core,,
hundred,vanda,వంద,,vanda rūpāyalu.,src::lesson-06 cat::numeral tier::core,W0138,Lesson 6 · Numbers,Large numbers — highest workplace value,numeral,core,,
thousand,veyyi,వెయ్యి,,"reṇḍu vēlu = 2,000.",src::lesson-06 cat::numeral tier::core,W0139,Lesson 6 · Numbers,Large numbers — highest workplace value,numeral,core,,
"lakh — 100,000 (written 1,00,000)",lakṣa,లక్ష,,reṇḍu lakṣalu.,src::lesson-06 cat::numeral tier::core,W0140,Lesson 6 · Numbers,Large numbers — highest workplace value,numeral,core,,
"crore — 10,000,000 (written 1,00,00,000)",kōṭi,కోటి,,oka kōṭi.,src::lesson-06 cat::numeral tier::core,W0141,Lesson 6 · Numbers,Large numbers — highest workplace value,numeral,core,,
rupees,rūpāyalu,రూపాయలు,,yābhai rūpāyalu.,src::lesson-06 cat::noun tier::core,W0142,Lesson 6 · Numbers,Large numbers — highest workplace value,noun,core,,
eleven,padakoṇḍu,పదకొండు,,padakoṇḍu.,src::lesson-06 cat::numeral tier::standard,W0143,Lesson 6 · Numbers,Teens — lower priority,numeral,standard,,
twelve,panneṇḍu,పన్నెండు,,panneṇḍu.,src::lesson-06 cat::numeral tier::standard,W0144,Lesson 6 · Numbers,Teens — lower priority,numeral,standard,,
thirteen,padamūḍu,పదమూడు,,padamūḍu.,src::lesson-06 cat::numeral tier::standard,W0145,Lesson 6 · Numbers,Teens — lower priority,numeral,standard,,
fourteen,padnālugu,పద్నాలుగు,,padnālugu.,src::lesson-06 cat::numeral tier::standard,W0146,Lesson 6 · Numbers,Teens — lower priority,numeral,standard,,
fifteen,padihēnu,పదిహేను,,padihēnu.,src::lesson-06 cat::numeral tier::standard,W0147,Lesson 6 · Numbers,Teens — lower priority,numeral,standard,,
sixteen,padahāru,పదహారు,,padahāru.,src::lesson-06 cat::numeral tier::standard,W0148,Lesson 6 · Numbers,Teens — lower priority,numeral,standard,,
seventeen,padihēḍu,పదిహేడు,,padihēḍu.,src::lesson-06 cat::numeral tier::standard,W0149,Lesson 6 · Numbers,Teens — lower priority,numeral,standard,,
eighteen,paddenimidi,పద్దెనిమిది,,paddenimidi.,src::lesson-06 cat::numeral tier::standard,W0150,Lesson 6 · Numbers,Teens — lower priority,numeral,standard,,
nineteen,pantommidi,పంతొమ్మిది,,pantommidi.,src::lesson-06 cat::numeral tier::standard,W0151,Lesson 6 · Numbers,Teens — lower priority,numeral,standard,,
one person (not okaṭi),okaru,ఒకరు,,okaru mātramē.,src::lesson-06 cat::numeral-human tier::core,W0152,Lesson 6 · Numbers,Counting people,numeral-human,core,,
two people,iddaru,ఇద్దరు,,iddaru vidyārthulu.,src::lesson-06 cat::numeral-human tier::core,W0153,Lesson 6 · Numbers,Counting people,numeral-human,core,,
three people,mugguru,ముగ్గురు,,mugguru.,src::lesson-06 cat::numeral-human tier::core,W0154,Lesson 6 · Numbers,Counting people,numeral-human,core,,
four people,naluguru,నలుగురు,,naluguru.,src::lesson-06 cat::numeral-human tier::core,W0155,Lesson 6 · Numbers,Counting people,numeral-human,core,,
five people,aiduguru,ఐదుగురు,,aiduguru.,src::lesson-06 cat::numeral-human tier::core,W0156,Lesson 6 · Numbers,Counting people,numeral-human,core,,
people (counter word — use with larger numbers),mandi,మంది,,padi mandi.,src::lesson-06 cat::numeral-human tier::core,W0157,Lesson 6 · Numbers,Counting people,numeral-human,core,,
first (irregular),modaṭi,మొదటి,,modaṭi pāṭhaṁ.,src::lesson-06 cat::ordinal tier::core,W0158,Lesson 6 · Numbers,Ordinals,ordinal,core,,
second (pattern: number + -ava / -ō),reṇḍava / reṇḍō,రెండవ / రెండో,,reṇḍō roju.,src::lesson-06 cat::numeral tier::core,W0159,Lesson 6 · Numbers,Ordinals,numeral,core,,
How are you? (respectful),mīru eṭla unnāru?,మీరు ఎట్ల ఉన్నారు?,,always return the question,src::scenario-how-was-your-day cat::other tier::core,W0160,Scenario · How was your day?,Day one — these six carry the whole conversation,other,core,,
aunty / mother-in-law (address),attayya,అత్తయ్య,,bāgundi attayya,src::scenario-how-was-your-day cat::other tier::core,W0161,Scenario · How was your day?,Day one — these six carry the whole conversation,other,core,,
"a little, somewhat",konchaṁ,కొంచెం,,konchaṁ kaṣṭaṁ,src::scenario-how-was-your-day cat::other tier::core,W0162,Scenario · How was your day?,Day one — these six carry the whole conversation,other,core,,
today,ī rōju,ఈ రోజు,,ī rōju bāgundi,src::scenario-how-was-your-day cat::other tier::core,W0163,Scenario · How was your day?,Day two — content and the food exchange,other,core,,
"work, task",pani,పని,,chālā pani undi,src::scenario-how-was-your-day cat::other tier::core,W0164,Scenario · How was your day?,Day two — content and the food exchange,other,core,,
"difficult, hard",kaṣṭaṁ,కష్టం,,konchaṁ kaṣṭaṁ,src::scenario-how-was-your-day cat::other tier::core,W0165,Scenario · How was your day?,Day two — content and the food exchange,other,core,,
I've eaten,tinnānu,తిన్నాను,,block — Lesson 9 explains it,src::scenario-how-was-your-day cat::other tier::core,W0166,Scenario · How was your day?,Day two — content and the food exchange,other,core,,
not yet,inkā lēdu,ఇంకా లేదు,,inkā tinalēdu,src::scenario-how-was-your-day cat::other tier::core,W0167,Scenario · How was your day?,Day two — content and the food exchange,other,core,,
enough (stopping more food),chālu,చాలు,,"chālu, chālā bāgundi",src::scenario-how-was-your-day cat::other tier::core,W0168,Scenario · How was your day?,Day two — content and the food exchange,other,core,,
but,kāni,కానీ,,kāni ṭrāphik ekkuva undi,src::scenario-how-was-your-day cat::other tier::core,W0169,Scenario · How was your day?,Day three — the two-clause answer,other,core,,
"a lot, excessive (of quantity)",ekkuva,ఎక్కువ,,not “bad” — Telugu counts traffic,src::scenario-how-was-your-day cat::other tier::core,W0170,Scenario · How was your day?,Day three — the two-clause answer,other,core,,
"way, road, route",dāri,దారి,,dārilō — on the way,src::scenario-how-was-your-day cat::other tier::core,W0171,Scenario · How was your day?,Day three — the two-clause answer,other,core,,
"it got done, it happened",ayyindi,అయ్యింది,,chālā pani ayyindi,src::scenario-how-was-your-day cat::other tier::core,W0172,Scenario · How was your day?,Day three — the two-clause answer,other,core,,
I did,chēsānu,చేసాను,,block — chālā pani chēsānu,src::scenario-how-was-your-day cat::other tier::core,W0173,Scenario · How was your day?,Day three — the two-clause answer,other,core,,
"completed, finished",pūrti,పూర్తి,,pūrti ayyindi,src::scenario-how-was-your-day cat::other tier::core,W0174,Scenario · How was your day?,Day three — the two-clause answer,other,core,,
good (before a noun),manchi,మంచి,,oka manchi pani,src::scenario-how-was-your-day cat::other tier::core,W0175,Scenario · How was your day?,Day three — the two-clause answer,other,core,,
at the office,āphīsulō,ఆఫీసులో,,āphīsulō chālā pani undi,src::scenario-how-was-your-day cat::other tier::core,W0176,Scenario · How was your day?,Day four — extending,other,core,,
"at home, in the house",intlō,ఇంట్లో,,intlō antā bāgunnārā?,src::scenario-how-was-your-day cat::other tier::core,W0177,Scenario · How was your day?,Day four — extending,other,core,,
"everyone, all",antā,అంతా,,intlō antā,src::scenario-how-was-your-day cat::other tier::core,W0178,Scenario · How was your day?,Day four — extending,other,core,,
I'm tired,alisipōyānu,అలిసిపోయాను,,block — konchaṁ alisipōyānu,src::scenario-how-was-your-day cat::other tier::core,W0179,Scenario · How was your day?,Day four — extending,other,core,,
How did it go? (of a day),eṭla gaḍichindi?,ఎట్ల గడిచింది?,,mī rōju eṭla gaḍichindi?,src::scenario-how-was-your-day cat::other tier::core,W0180,Scenario · How was your day?,Day four — extending,other,core,,
Have you eaten?,tinnārā?,తిన్నారా?,,"recognise it, don't just answer",src::scenario-how-was-your-day cat::other tier::core,W0181,Scenario · How was your day?,Day four — extending,other,core,,
"like, as",lāga / -lā,లాగా,,varṣaṁlā — like rain,src::song-gira-gira cat::grammar tier::core,W0182,Song · Gira Gira,Grammar words — highest value in the song,grammar,core,,
whatever happens,ēmi jariginā,ఏమి జరిగినా,,fixed phrase,src::song-gira-gira cat::grammar tier::core,W0183,Song · Gira Gira,Grammar words — highest value in the song,grammar,core,,
what,ēmi,ఏమి,,ēmi jarigindi?,src::song-gira-gira cat::grammar tier::core,W0184,Song · Gira Gira,Grammar words — highest value in the song,grammar,core,,
who,evaru,ఎవరు,,evaru vastunnāru?,src::song-gira-gira cat::grammar tier::core,W0185,Song · Gira Gira,Grammar words — highest value in the song,grammar,core,,
"always, ever",epuḍū,ఎపుడూ,,epuḍū manasulō,src::song-gira-gira cat::grammar tier::core,W0186,Song · Gira Gira,Grammar words — highest value in the song,grammar,core,,
"at all, really",asalu,అసలు,,asalu vinaḍu,src::song-gira-gira cat::grammar tier::core,W0187,Song · Gira Gira,Grammar words — highest value in the song,grammar,core,,
own (his/her own),tana,తన,,tana venaka,src::song-gira-gira cat::grammar tier::core,W0188,Song · Gira Gira,Grammar words — highest value in the song,grammar,core,,
"himself, herself",tānu,తాను,,tānē vachchāḍu,src::song-gira-gira cat::grammar tier::core,W0189,Song · Gira Gira,Grammar words — highest value in the song,grammar,core,,
"on, upon",-pai,పై,,tanapai — on him,src::song-gira-gira cat::grammar tier::core,W0190,Song · Gira Gira,Grammar words — highest value in the song,grammar,core,,
behind,venaka,వెనక,,tana venakāle,src::song-gira-gira cat::grammar tier::core,W0191,Song · Gira Gira,Grammar words — highest value in the song,grammar,core,,
"heart, mind",manasu,మనసు,,manasē karaga lēdu,src::song-gira-gira cat::noun tier::core,W0192,Song · Gira Gira,Everyday nouns worth carding,noun,core,,
minute,nimiṣaṁ,నిమిషం,,oka nimiṣaṁ!,src::song-gira-gira cat::noun tier::core,W0193,Song · Gira Gira,Everyday nouns worth carding,noun,core,,
moment,kṣaṇaṁ,క్షణం,,ā kṣaṇaṁ,src::song-gira-gira cat::noun tier::core,W0194,Song · Gira Gira,Everyday nouns worth carding,noun,core,,
rain,varṣaṁ,వర్షం,,varṣaṁ vastundi,src::song-gira-gira cat::noun tier::core,W0195,Song · Gira Gira,Everyday nouns worth carding,noun,core,,
summer,vēsavi,వేసవి,,vēsavilō,src::song-gira-gira cat::noun tier::core,W0196,Song · Gira Gira,Everyday nouns worth carding,noun,core,,
wedding,pelli,పెళ్ళి,,pelli pāṭa,src::song-gira-gira cat::noun tier::core,W0197,Song · Gira Gira,Everyday nouns worth carding,noun,core,,
song,pāṭa,పాట,,pelli pāṭa pāḍē,src::song-gira-gira cat::noun tier::core,W0198,Song · Gira Gira,Everyday nouns worth carding,noun,core,,
head,tala,తల,,tala etti chūḍu,src::song-gira-gira cat::noun tier::core,W0199,Song · Gira Gira,Everyday nouns worth carding,noun,core,,
"step, foot",aḍugu,అడుగు,,aḍugu kalipi,src::song-gira-gira cat::noun tier::core,W0200,Song · Gira Gira,Everyday nouns worth carding,noun,core,,
tiredness,alupu,అలుపు,,alupu lēdu,src::song-gira-gira cat::noun tier::core,W0201,Song · Gira Gira,Everyday nouns worth carding,noun,core,,
"hope, desire",āśa,ఆశ,,āśa karugunā,src::song-gira-gira cat::noun tier::core,W0202,Song · Gira Gira,Everyday nouns worth carding,noun,core,,
"victory, winning",gelupu,గెలుపు,,kadilitē gelupu,src::song-gira-gira cat::noun tier::core,W0203,Song · Gira Gira,Everyday nouns worth carding,noun,core,,
"gold, golden (also a pet name)",baṅgāru,బంగారు,,baṅgāru bomma,src::song-gira-gira cat::noun tier::core,W0204,Song · Gira Gira,Everyday nouns worth carding,noun,core,,
doll,bomma,బొమ్మ,,the Telugu word for guḍiyā,src::song-gira-gira cat::noun tier::standard,W0205,Song · Gira Gira,Everyday nouns worth carding,noun,standard,,
dream,kala,కల,,kalalu — dreams,src::song-gira-gira cat::noun tier::core,W0206,Song · Gira Gira,Everyday nouns worth carding,noun,core,,
wave,ala,అల,,alalu alisi,src::song-gira-gira cat::noun tier::standard,W0207,Song · Gira Gira,Everyday nouns worth carding,noun,standard,,
direction,diśa,దిశ,,diśalu reṇḍu,src::song-gira-gira cat::noun tier::standard,W0208,Song · Gira Gira,Everyday nouns worth carding,noun,standard,,
"grain, ingredient",dinusu,దినుసు,,dinusē nalaga lēdu,src::song-gira-gira cat::noun tier::standard,W0209,Song · Gira Gira,Everyday nouns worth carding,noun,standard,,
"to turn, to roam",tirugu,తిరుగు,,tirigi — having turned,src::song-gira-gira cat::verb tier::core,W0210,Song · Gira Gira,Verbs — you'll conjugate these from Lesson 7,verb,core,,
to happen,jarugu,జరుగు,,ēmi jariginā,src::song-gira-gira cat::verb tier::core,W0211,Song · Gira Gira,Verbs — you'll conjugate these from Lesson 7,verb,core,,
"to hear, to listen",vinu,విను,,vinaḍu — he doesn't listen,src::song-gira-gira cat::verb tier::core,W0212,Song · Gira Gira,Verbs — you'll conjugate these from Lesson 7,verb,core,,
"to see, to look",chūḍu,చూడు,,chūstunnāḍu — he's looking,src::song-gira-gira cat::verb tier::core,W0213,Song · Gira Gira,Verbs — you'll conjugate these from Lesson 7,verb,core,,
to ask,aḍugu,అడుగు,,aḍigi aḍigi,src::song-gira-gira cat::verb tier::core,W0214,Song · Gira Gira,Verbs — you'll conjugate these from Lesson 7,verb,core,,
to be known (I know),telusu / teliyadu,తెలుసు,,nāku telusu — I know,src::song-gira-gira cat::verb tier::core,W0215,Song · Gira Gira,Verbs — you'll conjugate these from Lesson 7,verb,core,,
to fall,paḍu,పడు,,eduru paḍu — to run into,src::song-gira-gira cat::verb tier::core,W0216,Song · Gira Gira,Verbs — you'll conjugate these from Lesson 7,verb,core,,
to stop,āgu,ఆగు,,āgunā? — would it stop?,src::song-gira-gira cat::verb tier::core,W0217,Song · Gira Gira,Verbs — you'll conjugate these from Lesson 7,verb,core,,
to touch,tāku,తాకు,,tāki — having touched,src::song-gira-gira cat::verb tier::core,W0218,Song · Gira Gira,Verbs — you'll conjugate these from Lesson 7,verb,core,,
"to lift, to raise",ettu,ఎత్తు,,tala etti,src::song-gira-gira cat::verb tier::core,W0219,Song · Gira Gira,Verbs — you'll conjugate these from Lesson 7,verb,core,,
"to join, to mix",kalupu,కలుపు,,aḍugu kalipi,src::song-gira-gira cat::verb tier::core,W0220,Song · Gira Gira,Verbs — you'll conjugate these from Lesson 7,verb,core,,
"to melt, to dissolve",karugu,కరుగు,,manasu karagalēdu,src::song-gira-gira cat::verb tier::standard,W0221,Song · Gira Gira,Verbs — you'll conjugate these from Lesson 7,verb,standard,,
to wear away,aragu,అరుగు,,arigi pōyinā,src::song-gira-gira cat::verb tier::standard,W0222,Song · Gira Gira,Verbs — you'll conjugate these from Lesson 7,verb,standard,,
to know (be aware of),erugu,ఎరుగు,,alupu eragaka,src::song-gira-gira cat::verb tier::standard,W0223,Song · Gira Gira,Verbs — you'll conjugate these from Lesson 7,verb,standard,,
sky (literary),gaganamu,గగనము,,use ākāśaṁ instead,src::song-gira-gira cat::poetic tier::recognition,W0224,Song · Gira Gira,"Poetic register — recognise, don't reproduce",poetic,recognition,,
sky (poetic native),ningi,నింగి,,use ākāśaṁ instead,src::song-gira-gira cat::poetic tier::recognition,W0225,Song · Gira Gira,"Poetic register — recognise, don't reproduce",poetic,recognition,,
"yearning, longing",tapana,తపన,,vadalani tapana,src::song-gira-gira cat::poetic tier::recognition,W0226,Song · Gira Gira,"Poetic register — recognise, don't reproduce",poetic,recognition,,
"love, affection (literary)",valapu,వలపు,,use prēma instead,src::song-gira-gira cat::poetic tier::recognition,W0227,Song · Gira Gira,"Poetic register — recognise, don't reproduce",poetic,recognition,,
journey (literary),payanaṁ,పయనం,,use prayāṇaṁ instead,src::song-gira-gira cat::poetic tier::recognition,W0228,Song · Gira Gira,"Poetic register — recognise, don't reproduce",poetic,recognition,,
innate nature,sahaja guṇamu,సహజ గుణము,,Sanskrit compound,src::song-gira-gira cat::poetic tier::recognition,W0229,Song · Gira Gira,"Poetic register — recognise, don't reproduce",poetic,recognition,,
great heat,penutāpaṁ,పెనుతాపం,,vēsavilō penutāpaṁ,src::song-gira-gira cat::poetic tier::recognition,W0230,Song · Gira Gira,"Poetic register — recognise, don't reproduce",poetic,recognition,,
turning point,malupu,మలుపు,,kṣaṇamoka malupu,src::song-gira-gira cat::poetic tier::recognition,W0231,Song · Gira Gira,"Poetic register — recognise, don't reproduce",poetic,recognition,,
shehnai (wind instrument),sannāyi,సన్నాయి,,wedding music,src::song-gira-gira cat::poetic tier::recognition,W0232,Song · Gira Gira,"Poetic register — recognise, don't reproduce",poetic,recognition,,
drum,ḍōlu,డోలు,,sannāyi ḍōlu,src::song-gira-gira cat::poetic tier::recognition,W0233,Song · Gira Gira,"Poetic register — recognise, don't reproduce",poetic,recognition,,
grindstone,tiragali,తిరగలి,,tiragali lāga,src::song-gira-gira cat::poetic tier::recognition,W0234,Song · Gira Gira,"Poetic register — recognise, don't reproduce",poetic,recognition,,
to collapse flat,chatikilapaḍu,చతికిలపడు,,spelling varies,src::song-gira-gira cat::poetic tier::recognition flag::verify,W0235,Song · Gira Gira,"Poetic register — recognise, don't reproduce",poetic,recognition,verify-with-native,
to be flustered,kalavara paḍu,కలవర పడు,,literary,src::song-gira-gira cat::poetic tier::recognition flag::verify,W0236,Song · Gira Gira,"Poetic register — recognise, don't reproduce",poetic,recognition,verify-with-native,
sidelong glance,vora kaṇṭa,ఒర కంట,,word split uncertain,src::song-gira-gira cat::poetic tier::recognition flag::verify,W0237,Song · Gira Gira,"Poetic register — recognise, don't reproduce",poetic,recognition,verify-with-native,
"match, equal (in age)",īḍu jōḍu,ఈడు జోడు,,set phrase,src::song-gira-gira cat::poetic tier::recognition flag::verify,W0238,Song · Gira Gira,"Poetic register — recognise, don't reproduce",poetic,recognition,verify-with-native,
"before, formerly",munupu,మునుపు,,teliyadu munupu,src::song-gira-gira cat::poetic tier::recognition flag::verify,W0239,Song · Gira Gira,"Poetic register — recognise, don't reproduce",poetic,recognition,verify-with-native,
shoulder,bhujaṁ,భుజం,,kuḍi bhujaṁ mīda,src::song-saranga-dariya cat::noun tier::core,W0240,Song · Saranga Dariya,Body — mostly worth having,noun,core,,
cheek (Telangana: sempa),chempa,చెంప,,sempalu,src::song-saranga-dariya cat::noun tier::core,W0241,Song · Saranga Dariya,Body — mostly worth having,noun,core,,
ears (Telangana: sevulu),chevulu,చెవులు,,sevulaku duddulu,src::song-saranga-dariya cat::noun tier::core,W0242,Song · Saranga Dariya,Body — mostly worth having,noun,core,,
lips,pedavulu,పెదవులు,,pedavul erragā,src::song-saranga-dariya cat::noun tier::core,W0243,Song · Saranga Dariya,Body — mostly worth having,noun,core,,
waist,naḍumu,నడుము,,dāni naḍumu,src::song-saranga-dariya cat::noun tier::core,W0244,Song · Saranga Dariya,Body — mostly worth having,noun,core,,
"smile, laugh",navvu,నవ్వు,,adi navvitē,src::song-saranga-dariya cat::noun tier::core,W0245,Song · Saranga Dariya,Body — mostly worth having,noun,core,,
"braid, plait",jaḍa,జడ,,jaḍa tākitē,src::song-saranga-dariya cat::noun tier::standard,W0246,Song · Saranga Dariya,Body — mostly worth having,noun,standard,,
hair bun,koppu,కొప్పు,,koppulō mallelu,src::song-saranga-dariya cat::noun tier::standard,W0247,Song · Saranga Dariya,Body — mostly worth having,noun,standard,,
jasmine — everywhere in Hyderabad,malle,మల్లె,,malle daṇḍa,src::song-saranga-dariya cat::noun tier::core,W0248,Song · Saranga Dariya,Everyday objects & nature,noun,core,,
colour,rangu,రంగు,,rangu lēni,src::song-saranga-dariya cat::noun tier::core,W0249,Song · Saranga Dariya,Everyday objects & nature,noun,core,,
"water pot, large vessel",kaḍava,కడవ,,bhujaṁ mīda kaḍava,src::song-saranga-dariya cat::noun tier::standard,W0250,Song · Saranga Dariya,Everyday objects & nature,noun,standard,,
garland,daṇḍa,దండ,,malle daṇḍa,src::song-saranga-dariya cat::noun tier::standard,W0251,Song · Saranga Dariya,Everyday objects & nature,noun,standard,,
earrings,duddulu,దుద్దులు,,sevulaku duddulu,src::song-saranga-dariya cat::noun tier::standard,W0252,Song · Saranga Dariya,Everyday objects & nature,noun,standard,,
"shine, flash, lightning",merupu,మెరుపు,,meriyā (song form),src::song-saranga-dariya cat::noun tier::standard,W0253,Song · Saranga Dariya,Everyday objects & nature,noun,standard,,
pearls,mutyālu,ముత్యాలు,,navvula mutyāl,src::song-saranga-dariya cat::noun tier::standard,W0254,Song · Saranga Dariya,Everyday objects & nature,noun,standard,,
blouse (Telangana term),raika,రైక,,raikalu,src::song-saranga-dariya cat::noun tier::standard flag::verify,W0255,Song · Saranga Dariya,Everyday objects & nature,noun,standard,verify-with-native,
anklet bells,gajjelu,గజ్జెలు,,gajjel lēkunnā,src::song-saranga-dariya cat::noun tier::recognition,W0256,Song · Saranga Dariya,Everyday objects & nature,noun,recognition,,
moonlight (Telangana: ennela),vennela,వెన్నెల,,ennela kuriyā,src::song-saranga-dariya cat::noun tier::recognition,W0257,Song · Saranga Dariya,Everyday objects & nature,noun,recognition,,
heart (Urdu) — very common in Hyderabad,dil,దిల్,,mana dil,src::song-saranga-dariya cat::urdu tier::core,W0258,Song · Saranga Dariya,Dakhni Urdu layer — the Hyderabad vocabulary,urdu,core,,
world (Urdu),duniyā,దునియా,,mogōḷḷa duniyā,src::song-saranga-dariya cat::urdu tier::core,W0259,Song · Saranga Dariya,Dakhni Urdu layer — the Hyderabad vocabulary,urdu,core,,
doll (Urdu) — affectionate,guḍiyā,గుడియా,,guḍiyā,src::song-saranga-dariya cat::urdu tier::standard,W0260,Song · Saranga Dariya,Dakhni Urdu layer — the Hyderabad vocabulary,urdu,standard,,
little bird (Urdu) — affectionate,chiḍiyā,చిడియా,,chikkani chiḍiyā,src::song-saranga-dariya cat::urdu tier::standard,W0261,Song · Saranga Dariya,Dakhni Urdu layer — the Hyderabad vocabulary,urdu,standard,,
"kohl, eyeliner (Urdu)",surmā,సుర్మా,,surmā peṭṭina,src::song-saranga-dariya cat::urdu tier::standard,W0262,Song · Saranga Dariya,Dakhni Urdu layer — the Hyderabad vocabulary,urdu,standard,,
"dagger, blade (Urdu)",churiyā,చురియా,,churiyā,src::song-saranga-dariya cat::urdu tier::recognition,W0263,Song · Saranga Dariya,Dakhni Urdu layer — the Hyderabad vocabulary,urdu,recognition,,
cannon (Persian via Urdu),phirangi,ఫిరంగి,,adi phirangi,src::song-saranga-dariya cat::urdu tier::recognition,W0264,Song · Saranga Dariya,Dakhni Urdu layer — the Hyderabad vocabulary,urdu,recognition,,
even without ___ (from lēdu),lēkunnā,లేకున్నా,,gajjel lēkunnā,src::song-saranga-dariya cat::grammar tier::core,W0265,Song · Saranga Dariya,Grammar chunks worth keeping,grammar,core,,
men (Telangana dialect plural),mogōḷḷu,మొగోళ్ళు,,mogōḷḷa duniyā,src::song-saranga-dariya cat::grammar tier::core,W0266,Song · Saranga Dariya,Grammar chunks worth keeping,grammar,core,,
"redly, in a red way (from erupu)",erragā,ఎర్రగా,,erragā aitadi,src::song-saranga-dariya cat::grammar tier::standard,W0267,Song · Saranga Dariya,Grammar chunks worth keeping,grammar,standard,,
"dear one, beloved (Telangana: seliyā)",cheliyā,చెలియా,,rādurā seliyā,src::song-saranga-dariya cat::poetic tier::recognition,W0268,Song · Saranga Dariya,"Poetic — recognise, don't card",poetic,recognition,,
"charms, delights",muripālu,మురిపాలు,,vastāy muripāl,src::song-saranga-dariya cat::poetic tier::recognition,W0269,Song · Saranga Dariya,"Poetic — recognise, don't card",poetic,recognition,,
"lioness, tigress — a fierce woman",śivangi,శివంగి,,adi śivangi,src::song-saranga-dariya cat::poetic tier::recognition,W0270,Song · Saranga Dariya,"Poetic — recognise, don't card",poetic,recognition,,
clove (also a sharpness metaphor),lavangaṁ,లవంగం,,māṭala ghāṭu lavangi,src::song-saranga-dariya cat::poetic tier::recognition,W0271,Song · Saranga Dariya,"Poetic — recognise, don't card",poetic,recognition,,
sarangi — bowed string instrument,sārangi,సారంగి,,tīgalu lēni sārangi,src::song-saranga-dariya cat::poetic tier::recognition,W0272,Song · Saranga Dariya,"Poetic — recognise, don't card",poetic,recognition,,
