guid	te_sha1
M0301635ed4ba	f5e8da39f52dc6e3
M032de294833b	47d288c19b503bd6
M0623bd7a7983	c67542cbdc185bd2
M062440fabbb7	992d4b959d157024
M0632720d2580	b1467fbeb30d6bca
M0716d6b78157	88a570accf7374a0
M07814daf94f5	2642ca5a4fe240bc
M078b1e383017	09c056f72d7b6695
M07ea382e5598	8b27e8bf71dde0cd
M085190c727ce	cf9fe2ad2ec33521
M087117f86eb1	7bf017963223d11c
M08a42eca7f0d	2a922b42643b256f
M0908d6845eea	4bf654eec69bf64c
M0a200094bf9f	95b2c5c2018c00f1
M0b9dcb426a7a	6842cfc888d5bb38
M0c6210b3d16d	cf04604b075c0775
M0dffd39211f5	ea31c9dbf5f04374
M0e16df645baf	3f982beddf10a42e
M0e4f08e8db29	ef0169d338f00a8c
M0e79c6bafa76	7cd7a33523bbe207
M0efc0bb58474	2c032ba9f608f836
M0f0d4738a9a3	12cd79922bbaeac1
M0f73ad055ff7	d0be7e7fc6230e21
M0f7b18e561d1	128a144040e6ebbb
M0f8f2db95b4c	956e156fcf2240c2
M0f902e9fb9fd	0229592a2ff240a9
M0fbf39d9b85f	96141e638bb92e2b
M108393791c68	6399d1462ec88102
M1293c455d81a	d7c4958fb53bb83f
M13c5e972c325	b1a2f212de17b926
M140564b292fe	76986cb862504043
M14f8f640c1bf	f20480f1c6d0deb3
M154b314861a3	33b700f3ced12267
M15b34115842d	f0c021d9bd39bd66
M16036378df64	18a2581b3cbba849
M167a4c61499e	b53ab9942a66525d
M167e8bb867c4	4b9177093eacafb5
M1703a55a9aba	17703aa9e058627d
M1738d7593777	e2de2d26c1f0d6ef
M17456384490a	b47bd537e1ce9f7e
M179ee1a0c740	d1dcd5db0fa30446
M1886460a1de1	db8b228bf3277493
M1bcb73f8341f	e0d7cc64afa13d29
M1c2be9177ba2	92f513089974b249
M1ce57cf5fb8d	814dc640dd4001ed
M1d52df997c3c	8954021874496120
M1d59e95edc36	ee0733c03ff20350
M1e1c4fbe3dcb	0e361098aa133ef3
M1ec3d10c213b	5cdef4458822cd7e
M2049844ad725	00376db77769c335
M22b50a16e585	1c718d227a3c2f43
M24726d63a47c	c58db46b7aa8aa1a
M24793f8237ff	6edd78c8ca2da0e7
M24c17cc19219	e6da5cc5d9f5ef48
M25bb1a29b316	33ffd12c48e20069
M275b9ea35d8b	75aa8ab66593f917
M29ceae1528af	b0478d1890418f5c
M2a1ea9d37bca	d9c249c6dff44445
M2a36e960c6d4	fe5664cdbb326ab5
M2b60baa095bc	de48cd8d2f029508
M2ba76920909e	731476169f83ba5f
M2c882c11e313	1278cdaef5df9d57
M2e47f1aaa952	db463d315de090c6
M2e772bf4841b	ad32b39b9c3cc2d5
M2ecf837f1a43	655c5fc44b6d7300
M2ee5c50cfcf1	d39c4edece0f82db
M30e25e747236	61b4967abf3891dc
M320089b3af04	8450059053e28214
M322c8beeeed2	aa68c59b4528b615
M325df838e405	05182ff8bbc96205
M32ec5345f6db	28bb2b8c3c1d2512
M341d2d02b32b	b3deef6fdedd82d3
M35cb8c4ef3af	852865bcf8d2001c
M3661ae1b3008	138403b50a25d0e9
M36aac71299e8	c20f7efc6d98f34b
M38149392d3c4	789a1a6ec4499177
M38ccc77e0365	f1f4dfaba9058fcb
M3a4fc6ec99e8	1720f7845cab86a0
M3bd5efcd318b	5ca20ad093254405
M3dd487b29236	c960b9686ac3a2f2
M404f80195bf2	3576ffb4ecec17b3
M4082487d6eaf	b1a06e0bb1a854d4
M408d4f952b07	718d45e748221125
M414cbb68dfa5	afc4f9ee26349923
M4161f874b043	5329bd0a679c995a
M41bbc0d622a3	06cbf8b0b9daf9b6
M41dc51e5bffe	d033d21b68bb7652
M423b6d65259a	ea12f2172df98275
M425dfc28cbb5	d543c05f10d05cc1
M42d7f47b568b	471171a2594a5d0a
M430f729e114b	6d15b9eb3c3b5a16
M448790f176a4	0a6e074e65a68194
M448c59446a1a	2724982ba18f431b
M46f332d7701f	ef483c91ffcbca73
M478ac50dccca	ff7a4696197c3479
M47f3b0ba133c	43057afea2f9ed2c
M48331453b7ae	d6b6a89039978591
M4858a3dc0b78	fdbf21b2275aa0ca
M487e6850a5f3	c17c29b8441f9837
M48e79168cf31	2a922b42643b256f
M4987b661c11b	afc4f9ee26349923
M4a6944980e04	b9ce9132dcd7e9c0
M4a72b5a605dd	db6f036dcd0543da
M4ac79fb19e63	228b8616bcc82ca9
M4b7a96aa72d0	0c2f9ffcb4b5c6fb
M4be33bb4a292	bf6628db1390055d
M4c23f3a7efc3	6839efc1f2264487
M4c8e76bc58df	aae471e0155e4fce
M4cd60ed12d49	8788d2974c6248f9
M4e74b6f6d32c	f8095113ee7c1312
M4ed43b04b016	8c45daeb5c47c195
M515c092fc84f	db0b1df828819ede
M527aa7b9a193	dc3166b744109d92
M539a50ee5949	d7d9951c00be567e
M55c3d5f454d7	1f8c4cc8c5436cb7
M562b409bf372	453accb861ae2bf8
M5677e548b074	f76ea2777737b61e
M571f3bd4aec8	0f3edff921321b02
M593a2efb7f86	d2667534ea5b9557
M59c4ef223e95	9688b3daf58597fa
M59f071e47bc9	5df93c372738e510
M5affe99e1c6e	42c70bcd28189a8c
M5b64a1c2fa80	ce61b4dba05410ad
M5b7c78898e4d	df79911bdae6ccb2
M5cdbf4f72aee	cde9af7819df5638
M5d01b2af0c5b	8788e9049097b7d1
M5d6e7e722ec0	d547196bcd807546
M5e7609e0f06b	2a0e83cbad41d899
M5efe61fbec49	6a90a28c44d47b97
M5fa338ee705e	4609e0ce32253af5
M600055516098	f558ea812b9ac3e3
M612900c411cf	4955da420c63f80b
M61d853bc7ae6	e9afd4ae4b92563b
M627972907910	916df530abffb322
M63c45edd2d86	8fbf700a7d801d76
M652ab12b31a9	c0089a8725826330
M656228cec7b4	295fdc4f7e829f18
M65c1ca6f20e9	8954021874496120
M65fae952cf36	5f379a7483383c9d
M66a89fed6c77	24e84889022584b3
M6951f255c768	6ff2d395597ec746
M69cc47ab15ba	e8ed3facfcba0254
M6b17c310bdff	5e57dff08f4bdde8
M6b4d8abe9603	84a24cc6ae7df492
M6c6fae2e0c55	0da38b87d347a284
M6d461fc21aeb	71f9b45f849ffb25
M6efd4f432e33	c112a70adaa98a2e
M6f785000fb56	a03cbd5f322a995f
M705be85ecff0	f7ab487c58340a99
M70702e6197ba	06848e44a541fe7e
M70c71b8f1bc9	65d2b0b5b012ba35
M713259958e19	2657d1719eef3d9b
M71afdc88f645	14cbc837665f20ab
M7323cb40a649	f859960ff42ba5cc
M73c93d1dfb8f	9688b3daf58597fa
M751bc36481b0	e35b0aa9cbe48ae3
M7573e41adc24	4f8c94ede0eaeb47
M77383f958096	e034987a345ec095
M778832704e29	e2b92d9bb6b568f1
M77c00c85dd38	1e93af73b3ed4232
M77d0600b5e5d	ad12ed6269b6cc27
M787bfa38e02b	dc6d5779f65fb1cd
M7883a0ee1745	fe8a60b0e973bfc5
M789395f2da47	96d931a519d13959
M78a47cc92a67	aa55dcf3d4217d47
M79ba349f7720	2f529e0aa1c2907f
M79f7c4382bff	bbe7dff4966de93a
M7a1fd0c7247a	ea31c9dbf5f04374
M7b3af6a49af0	9956bff0b2b79a22
M7d31879272d7	cd6fa22e391b4a76
M7e5ef182eb99	b812d9e3b6c644fc
M7ec96a75c858	031137cd0b6ba55e
M7f1a9461d8f5	a03cbd5f322a995f
M7f1e8f8f1792	8cc77d15d2a17da5
M8076b4cb29dc	69d15baf8f6a6734
M80f643e0f3e3	e23e7182e7541085
M8103f5ea619c	e23f938dce208567
M81e7bdcbf5b1	ab0d1b26e53af197
M826648ae44a2	572cecd5fd33474a
M83772bc567b4	d8ac4eafc8c5c40b
M8425ad26f6d3	2baee7dfa83bf613
M866c62b8e32a	a32503971b9446ed
M871bc7a11fa6	f9c60809d6113733
M87434ff51efb	aa09209346e941b3
M8924d40fd969	016dac5bc7503988
M8ae172068b27	28f7a591ce30bee7
M8b46a3c35fbb	7d4561cff7a17d91
M8b647f23a4bc	e34f36fec74ee47f
M8c4cced3b8d6	07fdbb292f599c09
M8ca364fb9547	628fc62f8b925823
M8ccb628a9e14	4446c5e27fa9f852
M8db5cc76b64f	d842f99b67f06c52
M8e2da61aa171	9ce8a57e636f1232
M8e4a8bb082b5	9680512e3084e65e
M8fa446324119	7d4561cff7a17d91
M8faf848524dc	ce5bb875b80c8c84
M902a6de03153	e3cceaf2df8dd3c7
M91a90dcb3fe8	9bb4b9a805cd1071
M926a6ddad4a9	7eea30b7c0f32d5e
M9368104310c4	6b20065c7d71c2a7
M944a2568215a	64504499154d2bc5
M947da0e86fb8	97f2add2ff1de190
M94ff2a2dee81	5bcf00e9513cc2e8
M952313ce5074	f9862da25241c3e2
M9588bbac3eef	be6f3c2d1c194351
M962625c7a538	dd702a70c2a38a8d
M966db9c88cab	24fd8a6eb90d8cee
M96abcc01f33b	5eda3692ef39aebd
M96b243709e02	5bf9e10b9d20f452
M97a5dafb9b60	1a3bd8f2fba99baf
M983cd8956932	13fc526add66708b
M98a83054b2b4	aa86afd47ab7a3a5
M992af046c94d	740105c9682e5593
M9b0e85b3a1c5	294bccb14e0a9603
M9cc2913e57d7	50069d73bc8ef132
M9cd5b204912c	e9d9e25713999be5
M9ebd94abe535	95bb8f9531f292e2
M9ee5a507ebab	07ead9e6ca84e83e
M9f8d83091bd6	e76ca5152373ab02
M9fbfdc1165c3	7fe024f930477e86
Ma1109e049555	eb3d7da10f4695ea
Ma2575b27117f	a0e34e3a29fdf7e2
Ma2d62327fd95	49a8f45db9d4a080
Ma369369953e4	562f8e318b495018
Ma3da152dc3ea	e6a9cc7a50b2f643
Ma43404cd274b	c10a5a0502bfdc64
Ma443c0ea0b79	4883159f970d4fcc
Ma4aab4634adf	8ce84bb4953dc45c
Ma7f10cb65670	375530268d10fd45
Ma807b013d0f3	c4b8c605db1c3cff
Ma923edb76519	9823a7e548474aa8
Ma972b16cb96e	3d813af9cd294a8c
Ma9a6422738b9	b7b278074e43c4ab
Maa1860f48e23	31a2d25ae7b414a4
Maa3ff726e56f	e4ef57d16e57d2d0
Maa888281458f	dd7e4e61e70023d3
Mab1851287176	71bf5dea981f06ca
Mab6ac69cd3ee	56850d070597c2a7
Mab793095c316	a92babd591a24999
Maba697dd015b	9bbbd554b6340ff8
Mac052d8b611f	4f1bc3a41fe2da01
Mac12e1ef7451	452095ddd67e41a6
Mac48ede3581e	9d7049527b735993
Mad66469f1dbd	c963b6c8fb4ce1b8
Mae1475ed3503	019e22c5b83699cb
Maf14de3ce522	9a88a7948d7e8387
Mafcb398ca6a3	4610de3cb3fc5a09
Mb044ba00a8e4	15fc957bf6bfdd2b
Mb131de145fea	a631eba20b8ed0ac
Mb133f1336423	a9666e084f6a9099
Mb14acb68544f	f2332122a0d60284
Mb210f37165a3	569dd548d07a7f02
Mb295ed4d0ea7	0a04bfb00f60422e
Mb2d2d6db1cbc	68e5419310ac92f6
Mb2ebe86424e8	313253568048d35a
Mb408011fb1d7	f2e9f8f6acdad38c
Mb44a42902f46	c63d736d261f3b72
Mb4a5c5dc7a23	7e99223a29f85bc2
Mb5ad4d444fc9	29c7171c40f6e735
Mb5dc6c6c650a	c9151ab127eea709
Mb6c961c08d49	f995fae9b59e8fd9
Mb7401a2fc5dd	79c6e9593e701452
Mb78b5019352c	398d03dd9857d3f9
Mb78f1b3fb3b5	56c15088fc3382cd
Mb7dcfcea4ff0	b64ccf009a5b061c
Mb800ceea6986	66cf4a005c984c8b
Mb9860a252913	1cc2449bf4008563
Mb9a825c51b30	b670a942a7ae168d
Mb9f7c7b8a057	0d52bcd4b419bf83
Mbaec38d48384	4c986040be17afcf
Mbbad9d2ce752	a45eaa51211df0d0
Mbbbb7d4eb1d8	83ef8b83fffc657a
Mbbbfefa3cdb8	79ec9e3d2ba50f6e
Mbbdd5bcb2e81	5dd92b331de5df0a
Mbc547847811c	c55cd8d37c950084
Mbc87661aeb09	a7e2bb1a8c4f0d53
Mbccd02371cc4	10d6dddb2117d1e1
Mbccef7944790	e7892fa488a28e9c
Mbd3ee2218620	c6009acbb2ede3a3
Mbdf8cce8eb64	7fbcf0d77fb96271
Mbf4ab7051a77	2c208b686ba88c97
Mc050b3c7bc11	d60ba8383994999c
Mc09054b43a9d	11a16d75a6764a12
Mc17383fe0c2c	c55cd8d37c950084
Mc44ea721d1e0	aff1a5a22ffee78d
Mc451ce690e3e	20eaa3e2e529f712
Mc5778712b868	9823a7e548474aa8
Mc897922bc2ff	bfc7bbc6979bfffa
Mc95bb54fa503	9bfe2c82df60c972
Mca4ae6193d71	477d726769bcc923
Mca65c5cebbdb	076d70a9774a05be
Mcb5ecc6ac627	867d0c424da52dae
Mcc07cf468ad2	cecc10d24e149e2c
Mcc6aaae188a9	dd3550e157fb0c51
Mcc7a7827960a	e35b0aa9cbe48ae3
Mcd289716fe11	d83b6f58c52387a0
Mcdabfe3c889f	cfb0438f80b21953
Mce302cbe6c7a	d0e711941510fa8c
Mce4b56c68cc6	4691ac1a180c0e5d
Mce8659ff976b	f3857079d982135d
Md01de9cd1480	b72f2a1e2b3d0145
Md197a39beedd	4c5f355ab136a42a
Md273a9ba31e6	a96c971ffb8f714b
Md34e6a9281a5	a5e2ad24c6de879c
Md403e4c537df	e14715c6c0e81df2
Md455a1980741	7f457e63ed24aa61
Md45a97459e69	d48f0e01d2da344e
Md48077c0312d	7e323f65c38025ad
Md4ed22ac8504	e44a657a491ae5bd
Md5331c73467c	b6bb2ce1be512c03
Md585b0658727	50a74103c6230c80
Md70f0a331f3c	e222ea56a46bbc3c
Md82c09f5f626	76713bb8d73189bd
Md878c5aeafd1	a966e3c8bec2f898
Md9d6fe753b51	5252b13a00e32f0b
Mda60d45bba13	f8b898a24e83958d
Mdb4fa346e775	f9cf4392d86d2ff8
Mdc4c92341135	cf216cd1a5678377
Mdc91d2829143	780e0c39fab44226
Mdd05756bca58	17703aa9e058627d
Mdd47c8e25a5b	a10ba6b7c1765db3
Mdd4ab580e417	481ad657ae92e6c5
Mde05696e1440	ef0169d338f00a8c
Mdea47018ffed	315896b2bf7b5c95
Mdebd3f9ab6d0	244c7bb4e4cea7c3
Mdf1b1ac0ca92	1baded113a70bddd
Me0dfe90a2214	6dbd1f8cf834ccd9
Me345949a099e	5b7665d4fb60f0fd
Me35d761ad098	c37211680bc8a948
Me3678dd86cc1	cf562d4df7d6889f
Me37bac4abc34	be32c4d84ccffecc
Me638855b2ccf	9cfcb13b073b86dd
Me73299e1566b	72bddc74e4b72937
Me7d027d50f27	46ed4b4fe4387bf4
Me807a4c85472	a68fe8838a707288
Me8120b031b8e	e153f569fda10492
Me8eb1d8d4dab	6d15b9eb3c3b5a16
Me8f5d3c811a0	83e52a117b9bf816
Me9dfa9af5f02	10e53f3da5d07136
Meb9fdf63f693	e92f7330170c1923
Mec1c434fed32	95a627dd38d4aa91
Med5880a7ae78	292d7ea08b791478
Meda153d2fcc4	bb03055af09eb2e7
Mee411d64c4b4	aab322b7685604f3
Mee7786b1a4ba	040dd276c3843c9d
Mef6cf0b7abbb	4cd6f14491cc383d
Mf084dcfb8769	7a3d92b4b5a20ef7
Mf0fccec5ba3c	0847e247a0cf698d
Mf1001124a770	d9655cbaec2862b4
Mf1701ee15795	bd212b7a2d8e4072
Mf302363e0fb0	820abeb461e877f8
Mf3f5ba5cc9e7	d8e0afe35be48541
Mf4bbe4bbc215	d1041c0a102593b9
Mf4bfbdcff6b3	4d7762a063fbc9d0
Mf4c52f6b71fb	c53efbf10dec520b
Mf566b4607efc	96a2204f09e83ed2
Mf59192fd5d1f	0e79a70af1542d28
Mf67855827c10	e222ea56a46bbc3c
Mf6a78b87d9ec	3e77c1841294287a
Mf74abb7fb7b1	409881d9c8a9e091
Mf7f521152fbd	bbe7dff4966de93a
Mf8ae7903f203	62fbfb0f7ba56975
Mf8b1392efe4d	a966e3c8bec2f898
Mf9530400a8d8	51202b4c293367db
Mfc0fc617abdd	86fb620b17011baa
Mfcbd2d509080	fb84d9bb0f4800ba
Mfdc43ee204db	11380842762c215a
Mfdccfbd52c74	019e22c5b83699cb
Mffda6cc3408f	2058846fb4cb4d51
