id	num	part	title	lesson_id
01a	1	story	Mike Is a Cook, Part 1	39927535
01b	1	retell	Mike Is a Cook, Part 2	39927536
01c	1	questions	Mike Is a Cook, Questions	39927537
02	2	all	Dustin Wants to Take a Vacation	39927539
03	3	all	Karen Gets a Cat	39927541
04	4	all	My Daughter is a Good Student	39927542
05	5	all	Jon Has Lots of Homework	39927543
06	6	all	Jane and Fred's Night Routine	39927544
07	7	all	James in the Office	39927547
08	8	all	Lisa Goes Shoe Shopping	39927548
09	9	all	New Girlfriend	39927550
10	10	all	Birthday Party	39927551
11	11	all	Brad Searches for a New Apartment	39927552
12	12	all	Janet Buys a New Computer	39927553
13	13	all	Kimi Goes on a Date with Saul	39927554
14	14	all	Kelly Goes to a Dance Class	39927555
15	15	all	Mara and Emily Exercise	39927556
16	16	all	A More Exciting Job	39927557
17	17	all	On the Highway	39927559
18	18	all	Getting Dressed	39927561
19	19	all	It's Time for Lunch	39927562
20	20	all	Going to Work	39927564
21	21	all	Jerry Wants to See a Movie	39927565
22	22	all	Emma is Sick	39927566
23	23	all	Exam or Party?	39927567
24	24	all	New Job	39927568
25	25	all	The New Baby	39927571
26	26	all	Alex and His Room	39927573
27	27	all	Bill On a Trip	39927574
28	28	all	Stella in a New Country	39927575
29	29	all	Layne and Cooking	39927576
30	30	all	James on Saturdays	39927577
31	31	all	Rosie Visits Her Friend for Dinner	39927578
32	32	all	Sara Makes Breakfast for her Family	39927579
33	33	all	Eric Was in Class at University	39927581
34	34	all	Tom Has Dinner With His Friends	39927582
35	35	all	A Dog Called Max	39927583
36	36	all	Phil's Big Family	39927584
37	37	all	Adam's Schedule	39927586
38	38	all	Sasha and Jen's Favourite Actors	39927587
39	39	all	Adrian's Favourite Singer	39927588
40	40	all	Sharon Has a Big Family	39927589
41	41	all	Allen at a Restaurant	39927590
42	42	all	A New Dog	39927592
43	43	all	Ben and His Schedule	39927593
44	44	all	Martin Lives Alone	39927594
45	45	all	Tony Has Been Hiking	39927595
46	46	all	Lin Is Nervous About Her Presentation	39927596
47	47	all	Jessica Has a Problem at Work	39927597
48	48	all	University or Online Courses	39927598
49	49	all	Trying To Go To Sleep	39927601
50	50	all	University Schedule	39927602
51	51	all	New phone	39927603
52	52	all	My Granddaughter's Baby	39927604
53	53	all	Wrestling Competition	39927606
54	54	all	Mariah At The Park	39927607
55	55	all	A New Home	39927608
56	56	all	Margaret Makes a Business Decision	39927609
57	57	all	Bill In Traffic	39927610
58	58	all	Sam And Betty Enjoy Going Out	39927611
59	59	all	Mary Likes to Read	39927612
60	60	all	Anne Should Take an Umbrella	39927613
