id	telugu	roman	english	register	known_pct	new_words	rank	source	raw_rom	flags	notes
S0001	నేను విద్యార్థిని.	nēnu vidyārthini.	I am a student.		100			site	nēnu vidyārthini.		
S0002	మనం విద్యార్థులము.	manaṁ vidyārthulamu.	We are students.		100			site	manaṁ vidyārthulamu.		colloquially often -am
S0003	మీరు టీచర్.	mīru ṭīchar.	"""You are a teacher"" (to a teacher) [respectful]"	respectful	100			site	mīru ṭīchar.		formal → mīru, no marker
S0004	నువ్వు విద్యార్థివి.	nuvvu vidyārthivi.	"""You are a student"" (to a student) [informal]"	informal	100			site	nuvvu vidyārthivi.		informal → nuvvu + marker -vi
S0005	వీళ్ళు / వాళ్ళు.	vīḷḷu / vāḷḷu.	"""These people / those people"""		100			site	vīḷḷu / vāḷḷu.		near ī- vs distant ā-
S0006	ఈవిడ, ఇతను, ఇవి.	īviḍa, itanu, ivi.	Give the near partner for āviḍa, atanu, and avi.		100			site	īviḍa, itanu, ivi.		keep the same meaning/register; change distance
S0007	నమస్కారం.	namaskāraṁ.	Hello. (from Lesson 1); Hello — palms together, fingers up		100			site	namaskāraṁ.		
S0008	నా పేరు ______.	nā pēru ______.	My name is ______.		100			site,book1000	nā pēru ______.		
S0009	నా వయసు ______.	nā vayasu ______.	My age is ______.		100			site	nā vayasu ______.		e.g. nā vayasu muppai āru = 36
S0010	నేను ______ ని.	nēnu ______ ni.	I am a ______. (English profession word is fine)		100			site	nēnu ______ ni.		
S0011	నేను ______ ని. / మాది ______.	nēnu ______ ni. / mādi ______.	I am ______. / Ours is ______.		100			site	nēnu ______ ni. / mādi ______.		
S0012	మాది ______.	mādi ______.	Our hometown is ______.		100			site	mādi ______.		
S0013	మా మాతృభాష ______.	mā mātṛbhāṣa ______.	Our mother tongue is ______.		100			site	mā mātṛbhāṣa ______.		
S0014	మా నాన్న పేరు ______.	mā nānna pēru ______.	My father's name is ______.		100			site	mā nānna pēru ______.		
S0015	మా అమ్మ పేరు ______.	mā amma pēru ______.	My mother's name is ______.		100			site	mā amma pēru ______.		
S0016	నా భార్య / నా భర్త పేరు ______.	nā bhārya / nā bharta pēru ______.	My wife's / husband's name is ______.		100			site	nā bhārya / nā bharta pēru ______.		
S0017	అతను ఒక ______. / ఆమె ఒక ______.	atanu oka ______. / āme oka ______.	He is a ______. / She is a ______. (Lesson 1 pronouns + oka)		100			site	atanu oka ______. / āme oka ______.		
S0018	ధన్యవాదాలు.	dhanyavādālu.	Thank you.		100			site	dhanyavādālu.		
S0019	నేను అబ్బాయిని.	nēnu abbāyini.	I am a boy.		100			site	nēnu abbāyini.		
S0020	నేను అమ్మాయిని.	nēnu ammāyini.	I am a girl.		100			site	nēnu ammāyini.		
S0021	నేను మనిషిని.	nēnu maniṣini.	"""I am a person / a human being."""		100			site	nēnu maniṣini.		manishi already ends in -i, so just add -ni
S0022	నేను ఇంజినీర్‌ని.	nēnu injinīrni.	I am an engineer.		100			site	nēnu injinīrni.		the normal way
S0023	నా వయసు ఇరవై.	nā vayasu iravai.	My age is 20.		100			site	nā vayasu iravai.		iravai = 20, muppai = 30
S0024	నేను భారతీయుడిని.	nēnu bhāratīyuḍini.	"""I am an Indian"" (male speaker)."		100			site	nēnu bhāratīyuḍini.		male · -ḍu → -ḍi before -ni
S0025	మా అమ్మ.	mā amma.	"How do you say ""my mother""?"		100			site	mā amma.		"literally ""our mother"" — never nā amma"
S0026	మా నాన్న.	mā nānna.	"How do you say ""my father""?"		100			site	mā nānna.		family unit → mā
S0027	నా స్నేహితుడు. / నా స్నేహితురాలు.	nā snēhituḍu. / nā snēhiturālu.	"How do you say ""my friend"" when it's a boy? A girl?"		100			site	nā snēhituḍu. / nā snēhiturālu.		or just nā friend
S0028	నా భర్త. / మా ఆయన.	nā bharta. / mā āyana.	"""My husband"" — everyday and traditional."		100			site	nā bharta. / mā āyana.		"""our respected he"""
S0029	మా నాన్న ఒక టీచర్.	mā nānna oka ṭīchar.	"""My father is a teacher."""		100			site	mā nānna oka ṭīchar.		mā for family, loanword profession
S0030	రండి	raṇḍi	Please come in (rā + aṇḍi) [respectful]	respectful	100			site	raṇḍi		
S0031	మీరు బాగున్నారా?	mīru bāgunnārā?	How are you? (lit. are you fine?) [respectful]; Are you okay ?	respectful	100			site,book1000	mīru bāgunnārā?		
S0032	నేను బాగున్నాను.	nēnu bāgunnānu.	I'm fine.; I feel good		100			site,book1000	nēnu bāgunnānu.		
S0033	అవునండి / సరే	avunaṇḍi / sarē	Yes / okay [respectful]	respectful	100			site	avunaṇḍi / sarē		
S0034	వద్దండి	vaddaṇḍi	Someone offers you more food. You've had enough. [respectful]	respectful	100			site	vaddaṇḍi		declining = vaddu, not lēdu
S0035	కాదండి	kādaṇḍi	Someone assumes you're a teacher. You're not. [respectful]	respectful	100			site	kādaṇḍi		negating an identity statement = kādu
S0036	లేదండి	lēdaṇḍi	Someone asks if there's any coffee left. There isn't. [respectful]	respectful	100			site	lēdaṇḍi		existence = lēdu
S0037	క్షమించండి	kṣaminchaṇḍi	Sorry (lit. forgive me) [respectful]; Excuse me; Pardon me	respectful	100			site,book1000	kṣaminchaṇḍi		
S0038	పర్వాలేదు	parvālēdu	It was okay. / Not bad. / It's fine, don't worry about it.; Never mind		100			site,book1000	parvālēdu		"Enormously versatile. It also means ""no problem"" when someone apologises, and ""it doesn't matter"" when someone offers something you're declining. Card this one today."
S0039	శభాష్	śabhāṣ	Well done / congratulations		100			site	śabhāṣ		
S0040	ఇది ఎంత?	idi enta?	Ask the price of something in front of you.		100			site	idi enta?		idi from Lesson 1 + enta, no verb
S0041	ఇదిగోండి	idigōṇḍi	Here you go [respectful]	respectful	100			site	idigōṇḍi		
S0042	పదండి	padaṇḍi	Let's go [respectful]	respectful	100			site	padaṇḍi		
S0043	తెలుగు రాదు.	telugu rādu.	Tell someone you don't know Telugu.		100			site	telugu rādu.		"lit. ""Telugu doesn't come"""
S0044	వస్తానండి	vastānaṇḍi	Say goodbye politely — and what does it literally mean?	respectful	100			site	vastānaṇḍi		"Literally ""I'll come back."""
S0045	ఇది కారు కాదు.	idi kāru kādu.	This is not a car.		100			site	idi kāru kādu.		denying the statement
S0046	నమస్కారం అండి.	namaskāraṁ aṇḍi.	Greet someone respectfully — and what do your hands do?	respectful	100			site	namaskāraṁ aṇḍi.		palms together, fingers pointing up — not a wave
S0047	మీరు బాగున్నారా? / నేను బాగున్నాను.	mīru bāgunnārā? / nēnu bāgunnānu.	"""How are you?"" — ask it respectfully, then answer."	respectful	100			site	mīru bāgunnārā? / nēnu bāgunnānu.		both pronouns optional
S0048	పెద్దమ్మ.	peddamma.	Your mother's elder sister.		100			site	peddamma.		"pedda + amma — ""elder mother"""
S0049	పిన్ని.	pinni.	Your mother's younger sister.		100			site	pinni.		not a compound — its own word
S0050	చిన్నాన్న.	chinnānna.	Your father's younger brother.		100			site	chinnānna.		"chinna + nāna — ""younger father"""
S0051	అత్త.	atta.	Your father's sister — and does her age matter?		100			site	atta.		No — age-neutral, like māmayya on the other side.
S0052	అక్క / చెల్లి.	akka / chelli.	Elder sister and younger sister.		100			site	akka / chelli.		
S0053	తాత గారు.	tāta gāru.	Address your grandfather respectfully.	respectful	100			site	tāta gāru.		gāru attaches to people, aṇḍi to phrases
S0054	అత్త గారు / మామ గారు.	atta gāru / māma gāru.	Your mother-in-law and father-in-law. [respectful]	respectful	100			site	atta gāru / māma gāru.		Same roots as the paternal aunt and maternal uncle.
S0055	అల్లుడు / కోడలు.	alluḍu / kōḍalu.	Son-in-law and daughter-in-law.		100			site	alluḍu / kōḍalu.		
S0056	నేను అల్లుడిని.	nēnu alluḍini.	"""I am the son-in-law."" — mind the Lesson 2 sound rule."		100			site	nēnu alluḍini.		-ḍu → -ḍi before the person marker
S0057	మీ పేరు ఏమిటి?	mī pēru ēmiṭi?	Ask a stranger their name. [respectful]	respectful	100			site	mī pēru ēmiṭi?		respectful · stranger → always mī, never nī
S0058	మీ పేరెంటి?	mī pēreṇṭi?	Say that question the way it actually sounds at speed. [respectful]	respectful	100			site	mī pēreṇṭi?		pēru + ēnti — the vowel gets deleted
S0059	ఆయన పేరు.	āyana pēru.	"""His name"" using the formal pronoun."		100			site	āyana pēru.		unchanged
S0060	వాళ్ళ పేర్లు.	vāḷḷa pērlu.	"""Their names"" for a group of people."		100			site	vāḷḷa pērlu.		vāḷḷu → vāḷḷa, and pēru → pērlu
S0061	మా పేర్లు.	mā pērlu.	"""Our names"" — you're telling someone outside your group."		100			site	mā pērlu.		exclusive — they're not included
S0062	మన పేర్లు.	mana pērlu.	Now say it including your listener.		100			site	mana pērlu.		inclusive
S0063	ఆయన, ఆవిడ, ఆమె.	āyana, āviḍa, āme.	Which possessives are identical to their pronouns?		100			site	āyana, āviḍa, āme.		
S0064	ఇరవై ఒకటి	iravai okaṭi	21		100			site	iravai okaṭi		
S0065	ముప్పై ఏడు	muppai ēḍu	37		100			site	muppai ēḍu		
S0066	తొంభై తొమ్మిది	tombhai tommidi	Say 99.		100			site	tombhai tommidi		
S0067	యాభై రూపాయలు.	yābhai rūpāyalu.	Fifty rupees.		100			site	yābhai rūpāyalu.		
S0068	వంద రూపాయలు.	vanda rūpāyalu.	A hundred rupees.		100			site	vanda rūpāyalu.		
S0069	నలభై రెండు.	nalabhai reṇḍu.	Say 42.		100			site	nalabhai reṇḍu.		ten word + unit, no connector
S0070	మూడు వందలు.	mūḍu vandalu.	Say 300.		100			site	mūḍu vandalu.		multiplier + plural base
S0071	రెండు వేలు ఏడు వందలు.	reṇḍu vēlu ēḍu vandalu.	Say 2,700.		100			site	reṇḍu vēlu ēḍu vandalu.		largest part first
S0072	ఇది ఎంత? / యాభై రూపాయలు.	idi enta? / yābhai rūpāyalu.	"""How much is this?"" — then answer ""fifty rupees."""		100			site	idi enta? / yābhai rūpāyalu.		
S0073	పది మంది.	padi mandi.	"""Ten people."""		100			site	padi mandi.		mandi is the counter for larger groups
S0074	5,000,000.	5,000,000.	"How much is ""fifty lakh"" in plain digits?"		100			site	5,000,000.		A lakh is 100,000. · A crore is 10,000,000.
S0075	ఈ రోజు ఎట్ల గడిచింది?	ī rōju eṭla gaḍichindi?	How did today go?		100			site	ī rōju eṭla gaḍichindi?		Listen for: rōju (day) and eṭla (how). Those two words are enough to identify it.
S0076	బాగున్నారా?	bāgunnārā?	Are you well? [respectful]	respectful	100			site	bāgunnārā?		Listen for: bāgu- plus a rising -ā at the end. That final -ā is the yes/no question marker — the same one you met on the song page.
S0077	తిన్నారా?	tinnārā?	Have you eaten? [respectful]	respectful	100			site	tinnārā?		This one is coming whether you like it or not. See the follow-ups section — it matters more than the day question does.
S0078	బాగుంది	bāgundi	It was good. / It's good.		100			site	bāgundi		"Why you can already say this: it's bāgā (""well,"" Lesson 3) fused with undi (""it is,"" Lesson 1). Telugu doesn't need a separate past tense here — context carries it."
S0079	చాలా బాగుంది అత్తయ్య	chālā bāgundi attayya	Very good, aunty.		100			site	chālā bāgundi attayya		"Why you can already say this: chālā (""very"") plus attayya — the address form of atta from Lesson 4, the word that does double duty for aunt and mother-in-law."
S0080	ఈ రోజు ఆఫీసులో చాలా పని ఉంది	ī rōju āphīsulō chālā pani undi	There was a lot of work at the office today.		100			site	ī rōju āphīsulō chālā pani undi		"Why you can already say this: -lō is the ""in"" ending, and undi is Lesson 1's ""there is."" Literally: today office-in much work is. No verb conjugation anywhere."
S0081	కొంచెం అలిసిపోయాను	koncheṁ alisipōyānu	I'm a bit tired.		100			site	koncheṁ alisipōyānu		"Learn this as a block. alisipōyānu is past tense with a first-person ending — Lesson 9 territory. You'll take it apart later; for now it's one word. konchaṁ (""a little"") is independently useful and softens almost anything."
S0082	ఈ రోజు కొంచెం కష్టం	ī rōju koncheṁ kaṣṭaṁ	Today was a bit hard.		100			site	ī rōju koncheṁ kaṣṭaṁ		Why you can already say this: zero copula from Lesson 1 — no verb at all. Today a-little difficulty. kaṣṭaṁ is a high-frequency word worth knowing.
S0083	బాగుంది, చాలా పని చేసాను	bāgundi, chālā pani chēsānu	It was good — I did a lot of work.		100			site	bāgundi, chālā pani chēsānu		"The direct version. chēsānu is ""I did"" — past tense with the first-person -nu ending you know from unnānu. Memorise it whole for now; Lesson 9 explains the shape."
S0084	బాగుంది, చాలా పని అయ్యింది	bāgundi, chālā pani ayyindi	It was good — a lot of work got done.		100			site	bāgundi, chālā pani ayyindi		"This is the one I'd actually use. See the note below: Telugu reaches for ""it got done"" far more readily than ""I did it,"" and in a family setting that framing lands better."
S0085	బాగుంది, ఒక మంచి పని పూర్తి అయ్యింది	bāgundi, oka manchi pani pūrti ayyindi	It was good — a good piece of work got finished.		100			site	bāgundi, oka manchi pani pūrti ayyindi		Look at oka doing exactly its job. This is the deep-dive use: one newly introduced thing the listener doesn't know about yet. Drop it and the sentence goes vague. And manchi is the Lesson 3 “good” — the adjective form of manchidi.
S0086	మీరు ఎట్ల ఉన్నారు?	mīru eṭla unnāru?	How are you? [respectful]	respectful	100			site	mīru eṭla unnāru?		Why you can already say this: mīru from Lesson 1, unnāru is the same existence verb with the respectful ending. The only new piece is eṭla.
S0087	ఇంట్లో అంతా బాగున్నారా?	iṇṭlō antā bāgunnārā?	Is everyone at home well? [respectful]	respectful	100			site	iṇṭlō antā bāgunnārā?		"A very Telugu thing to ask. Enquiring after the whole household rather than the individual is standard and lands as warm. intlō is illu (""house"") plus the -lō you used above."
S0088	మీ రోజు ఎట్ల గడిచింది?	mī rōju eṭla gaḍichindi?	How did your day go? [respectful]	respectful	100			site	mī rōju eṭla gaḍichindi?		"Straight mirroring. Take her question and swap in mī (""your,"" Lesson 5). Reusing someone's own construction back at them is the cheapest fluency trick there is, and it always fits."
S0089	ఈమె సీత.	īme sīta.	This nearby woman is Sita.		100			site	īme sīta.		
S0090	సీత కూడా విద్యార్థి.	sīta kūḍā vidyārthi.	Sita is also a student.		100			site	sīta kūḍā vidyārthi.		
S0091	వీళ్ళు విద్యార్థులు.	vīḷḷu vidyārthulu.	Produce: “These people are students.”		100			site	vīḷḷu vidyārthulu.		
S0092	ఆయన టీచర్.	āyana ṭīchar.	That gentleman is a teacher.		100			site	āyana ṭīchar.		
S0093	ఈవిడ కూడా టీచర్.	īviḍa kūḍā ṭīchar.	Produce: “This lady is also a teacher.”		100			site	īviḍa kūḍā ṭīchar.		
S0094	ఇది కారు.	idi kāru.	This is a car.		100			site	idi kāru.		
S0095	అది కారు.	adi kāru.	Change near to far: idi kāru.		100			site	adi kāru.		
S0096	వాళ్ళు విద్యార్థులు.	vāḷḷu vidyārthulu.	Those people are students.		100			site	vāḷḷu vidyārthulu.		
S0097	ఆమె టీచర్.	āme ṭīchar.	“She is a teacher.” Neutral statement of profession.		100			site	āme ṭīchar.		bare predicate; English “a” does not need translation.
S0098	ఒకటి ఇవ్వండి.	okaṭi ivvaṇḍi.	“Give me one.” The noun is already understood. [respectful]	respectful	100			site	okaṭi ivvaṇḍi.		independent okaṭi, not bare oka. · The item is understood, so independent okaṭi takes its place.
S0099	నేను ఒక పుస్తకం కొన్నాను, రెండు కాదు.	nēnu oka pustakaṁ konnānu, reṇḍu kādu.	“I bought one book, not two.”		100			site	nēnu oka pustakaṁ konnānu, reṇḍu kādu.		exact count makes oka meaningful.
S0100	పుస్తకం బల్ల మీద ఉంది.	pustakaṁ balla mīda undi.	“The book is on the table.” Both speakers know which book.		100			site	pustakaṁ balla mīda undi.		context can identify a bare noun; ā pustakaṁ if you need to point it out. · if both people know which book. A bare noun is not automatically indefinite.
S0101	ఒక పుస్తకం	oka pustakaṁ	one book		100			site	oka pustakaṁ		or “a book.” Oka modifies the noun that follows it.
S0102	ఒక పుస్తకం తీసుకోండి	oka pustakaṁ tīsukōṇḍi	Take a/one book. [respectful]	respectful	100			site	oka pustakaṁ tīsukōṇḍi		Context decides how strongly the count matters.
S0103	నేను పుస్తకం కొన్నాను	nēnu pustakaṁ konnānu	I bought a book / the book.		100			site	nēnu pustakaṁ konnānu		The point may simply be what you bought.
S0104	నేను ఒక పుస్తకం కొన్నాను	nēnu oka pustakaṁ konnānu	I bought a/one book.		100			site	nēnu oka pustakaṁ konnānu		One book is placed into the conversation, especially naturally if you will say more about it.
S0105	ఆమె డాక్టర్	āme ḍākṭar	She is a doctor.		100			site	āme ḍākṭar		This is the normal classification pattern. English requires a; Telugu does not.
S0106	ఆమె ఒక మంచి డాక్టర్	āme oka manchi ḍākṭar	She is a good doctor.		100			site	āme oka manchi ḍākṭar		Oka presents her more deliberately as one member/example of that category. Bare āme manci ḍākṭar is also natural.
S0107	ఆ పుస్తకం బల్ల మీద ఉంది	ā pustakaṁ balla mīda undi	That book is on the table.		100			site	ā pustakaṁ balla mīda undi		For an identifiable object, a demonstrative such as ā often does the job—not oka.
S0108	పది నిమిషాలు ఆగండి	padi nimiṣālu āgaṇḍi	Please wait ten minutes. [respectful]	respectful	100			site	padi nimiṣālu āgaṇḍi		The quantity is presented directly.
S0109	ఒక పది నిమిషాలు ఆగండి	oka padi nimiṣālu āgaṇḍi	Please wait about ten minutes. [respectful]	respectful	100			site	oka padi nimiṣālu āgaṇḍi		In contemporary speech, oka can soften a following quantity into an estimate.
S0110	నేను	nēnu	I am; I drank		100			site,book1000	nēnu		
S0111	నేనుఇచ్చాను	nēnuichchānu	I gave; I gave it		100			site,book1000	nēnuichchānu		
S0112	నువ్వువెళ్ళు	nuvvuveḷḷu	You go		100			site,book1000	nuvvuveḷḷu		
S0113	నాకుతెలుసు	nākutelusu	I know		100			site,book1000	nākutelusu		
S0114	నేనుఎందుకు?	nēnuenduku?	Why me ?		100			site,book1000	nēnuenduku?		
S0115	నేనుకూడా	nēnukūḍā	So am I		100			site,book1000	nēnukūḍā		
S0116	నేనువ్రాసాను	nēnuvrāsānu	I wrote		100			site,book1000	nēnuvrāsānu		
S0117	చెడుకాదు	cheḍukādu	Not bad		100			site,book1000	cheḍukādu		
S0118	ఇంకా లేదు	inkā lēdu	Not yet		100			site,book1000	inkā lēdu		
S0119	పట్టుకోండి	paṭṭukōṇḍi	Hold on [respectful]	respectful	100			site,book1000	paṭṭukōṇḍi		
S0120	ಅದಿ ನನ	ಅದಿ ನನ	It's me		100			site,book1000	ಅದಿ ನನ		
S0121	లోపలికి రండి	lōpaliki raṇḍi	Come in [respectful]	respectful	100			site,book1000	lōpaliki raṇḍi		
S0122	వెనక్కి వెళ్ళండి	venakki veḷḷaṇḍi	Go back [respectful]	respectful	100			site,book1000	venakki veḷḷaṇḍi		
S0123	నేనుచేస్తాను	nēnuchēstānu	I do it; I will do it		100			site,book1000	nēnuchēstānu		
S0124	మేమువెళ్ళాము	mēmuveḷḷāmu	We went		100			site,book1000	mēmuveḷḷāmu		
S0125	వెళ్లిపోండి	veḷlipōṇḍi	Go away [respectful]	respectful	100			site,book1000	veḷlipōṇḍi		
S0126	తీసుకోండి	tīsukōṇḍi	Take it [respectful]	respectful	100			site,book1000	tīsukōṇḍi		
S0127	అర్థమైందా?	arthamaindā?	Got it ?		100			site,book1000	arthamaindā?		
S0128	వెళాం	veḷāṁ	Let's go; Let's go !		100			site,book1000	veḷāṁ		
S0129	నేనుతెరిచాను	nēnuterichānu	I opened		100			site,book1000	nēnuterichānu		
S0130	ఎందుకుకాదు	endukukādu	Why not ?		100			site,book1000	endukukādu		
S0131	నేనుఅలా చేసాను	nēnualā chēsānu	So did I		100			site,book1000	nēnualā chēsānu		
S0132	ఇప్పుడే	ippuḍē	Just now		100			site,book1000	ippuḍē		
S0133	మీరుఇచ్చారు	mīruichchāru	You gave		100			site,book1000	mīruichchāru		
S0134	వారుచూశారు	vāruchūśāru	They saw		100			site,book1000	vāruchūśāru		
S0135	అది కాదు	adi kādu	Not that		100			site,book1000	adi kādu		
S0136	ఇది కాదు	idi kādu	Not this		100			site,book1000	idi kādu		
S0137	త్వరగా	tvaragā	Hurry up		100			site,book1000	tvaragā		
S0138	బయటకి వెళ్ళండి	bayaṭaki veḷḷaṇḍi	Step out [respectful]	respectful	100			site,book1000	bayaṭaki veḷḷaṇḍi		
S0139	ఆనందించండి	ānandinchaṇḍi	Have fun [respectful]	respectful	100			site,book1000	ānandinchaṇḍi		
S0140	నేనుచేసాను	nēnuchēsānu	I did it		100			site,book1000	nēnuchēsānu		
S0141	ఇక్కడకూర్చోండి	ikkaḍakūrchōṇḍi	Sit here [respectful]	respectful	100			site,book1000	ikkaḍakūrchōṇḍi		
S0142	వేగంగా పరిగెత్తండి	vēgangā parigettaṇḍi	Run fast [respectful]	respectful	100			site,book1000	vēgangā parigettaṇḍi		
S0143	మరియుమీరు	mariyumīru	And you ?		100			site,book1000	mariyumīru		
S0144	గుర్తు	gurtu	Remember		100			site,book1000	gurtu		
S0145	నిశ్సబ్దంగాఉండండి	niśsabdangāuṇḍaṇḍi	Be quiet [respectful]	respectful	100			site,book1000	niśsabdangāuṇḍaṇḍi		
S0146	నన్నునమ్మండి	nannunammaṇḍi	Trust me [respectful]	respectful	100			site,book1000	nannunammaṇḍi		
S0147	అయననడుస్తారు	ayananaḍustāru	He walks		100			site,book1000	ayananaḍustāru		
S0148	శుభ్రంచేయండి	śubhranchēyaṇḍi	Clean it [respectful]	respectful	100			site,book1000	śubhranchēyaṇḍi		
S0149	నిజంగా?	nijangā?	Really ?		100			site,book1000	nijangā?		
S0150	సిద్ధంగాఉండండి	siddhangāuṇḍaṇḍi	Be ready [respectful]	respectful	100			site,book1000	siddhangāuṇḍaṇḍi		
S0151	చాలా చెడ్డది	chālā cheḍḍadi	Too bad !		100			site,book1000	chālā cheḍḍadi		
S0152	నేనుకాదు	nēnukādu	I am not		100			site,book1000	nēnukādu		
S0153	వదిలేయండి	vadilēyaṇḍi	Leave it [respectful]	respectful	100			site,book1000	vadilēyaṇḍi		
S0154	నిలబడండి !	nilabaḍaṇḍi !	Stand up ! [respectful]	respectful	100			site,book1000	nilabaḍaṇḍi !		
S0155	ఎవరుచెప్పారు?	evarucheppāru?	Who said ?		100			site,book1000	evarucheppāru?		
S0156	ఎవరువెళ్తారు?	evaruveḷtāru?	Who goes ?; Who will go ?		100			site,book1000	evaruveḷtāru?		
S0157	నేనుఇక్కడఉన్నాను	nēnuikkaḍaunnānu	Here I am; I am here		100			site,book1000	nēnuikkaḍaunnānu		
S0158	ఇక్కడ	ikkaḍa	Over here		100			site,book1000	ikkaḍa		
S0159	నేనుఅలిగాను	nēnualigānu	I am hurt		100			site,book1000	nēnualigānu		
S0160	ఇప్పుడేచేయండి	ippuḍēchēyaṇḍi	Do it now [respectful]	respectful	100			site,book1000	ippuḍēchēyaṇḍi		
S0161	నేనుమాత్రమే	nēnumātramē	I am only		100			site,book1000	nēnumātramē		
S0162	ఇది సులభం	idi sulabhaṁ	It's easy		100			site,book1000	idi sulabhaṁ		
S0163	అది కష్టం	adi kaṣṭaṁ	It's hard; It is difficult		100			site,book1000	adi kaṣṭaṁ		
S0164	త్వరగా రండి	tvaragā raṇḍi	Come soon [respectful]	respectful	100			site,book1000	tvaragā raṇḍi		
S0165	నన్నువెళ్లనివ్వండి	nannuveḷlanivvaṇḍi	Let me go [respectful]	respectful	100			site,book1000	nannuveḷlanivvaṇḍi		
S0166	ఎవరువచ్చారు	evaruvachchāru	Who came ?		100			site,book1000	evaruvachchāru		
S0167	ఆవిడమాట్లాడారు	āviḍamāṭlāḍāru	She spoke		100			site,book1000	āviḍamāṭlāḍāru		
S0168	కొట్టకండి	koṭṭakaṇḍi	Don't hit [respectful]	respectful	100			site,book1000	koṭṭakaṇḍi		
S0169	ఇక్కడచూడండి	ikkaḍachūḍaṇḍi	Look here [respectful]	respectful	100			site,book1000	ikkaḍachūḍaṇḍi		
S0170	నెమ్మదిగా నడవండి	nemmadigā naḍavaṇḍi	Walk slowly [respectful]	respectful	100			site,book1000	nemmadigā naḍavaṇḍi		
S0171	అక్కడచూడండి	akkaḍachūḍaṇḍi	See there [respectful]	respectful	100			site,book1000	akkaḍachūḍaṇḍi		
S0172	నేనుతప్పిపోయాను	nēnutappipōyānu	I am lost		100			site,book1000	nēnutappipōyānu		
S0173	వేగంతగ్గించండి	vēgantagginchaṇḍi	Slow down [respectful]	respectful	100			site,book1000	vēgantagginchaṇḍi		
S0174	నాకుఎనిమిది సంవత్సరాలు	nākuenimidi saṁvatsarālu	I'm eight		100			site,book1000	nākuenimidi saṁvatsarālu		
S0175	సాయంత్రం6:30 గంటలు	sāyantraṁ6:30 gaṇṭalu	It's 6:30 pm		100			site,book1000	sāyantraṁ6:30 gaṇṭalu		
S0176	నాకుబాధగా ఉంది	nākubādhagā undi	I got sad; I'm feeling sad		100			site,book1000	nākubādhagā undi		
S0177	సిద్దంగాఉండండి	siddangāuṇḍaṇḍi	Get ready [respectful]	respectful	100			site,book1000	siddangāuṇḍaṇḍi		
S0178	చాలా బాగుంది	chālā bāgundi	Chala bagundi; Very nice !		100			site,book1000	chālā bāgundi		
S0179	అలా ఉండనివ్వండి	alā uṇḍanivvaṇḍi	Let it be [respectful]	respectful	100			site,book1000	alā uṇḍanivvaṇḍi		
S0180	అవునా లేదా	avunā lēdā	Yes or no ?		100			site,book1000	avunā lēdā		
S0181	శుభమధ్యాహ్నం	śubhamadhyāhnaṁ	Good noon !		100			site,book1000	śubhamadhyāhnaṁ		
S0182	అయితే సరే	ayitē sarē	All right !		100			site,book1000	ayitē sarē		
S0183	చాలా మంచిది	chālā manchidi	Very good !		100			site,book1000	chālā manchidi		
S0184	ఎవరికీ తెలుసు	evarikī telusu	Who knows ?		100			site,book1000	evarikī telusu		
S0185	నేనుకూర్చోవచ్చా?	nēnukūrchōvachchā?	May I sit ?; May I sit down ?		100			site,book1000	nēnukūrchōvachchā?		
S0186	నేనుసిద్ధంగా ఉన్నాను	nēnusiddhangā unnānu	I am ready		100			site,book1000	nēnusiddhangā unnānu		
S0187	భోజనంచేసారా	bhōjananchēsārā	Had lunch ?		100			site,book1000	bhōjananchēsārā		
S0188	దయచేసి కూర్చోండి	dayachēsi kūrchōṇḍi	Please sit [respectful]	respectful	100			site,book1000	dayachēsi kūrchōṇḍi		
S0189	నేనువెళ్ళాలి	nēnuveḷḷāli	I gotta go; I have to go		100			site,book1000	nēnuveḷḷāli		
S0190	నేనువిసుగుచెందాను	nēnuvisuguchendānu	I am bored		100			site,book1000	nēnuvisuguchendānu		
S0191	అయనఎవరు	ayanaevaru	Who is he ?		100			site,book1000	ayanaevaru		
S0192	అవునుఅదే	avunuadē	Yes , it is		100			site,book1000	avunuadē		
S0193	ఏమిటి సంగతులు	ēmiṭi sangatulu	What's up ?		100			site,book1000	ēmiṭi sangatulu		
S0194	నేనువెళ్ళను	nēnuveḷḷanu	I don't go; I shall not go		100			site,book1000	nēnuveḷḷanu		
S0195	ఇదిగో	idigō	Here it is		100			site,book1000	idigō		
S0196	అయనచేస్తారు	ayanachēstāru	He will do		100			site,book1000	ayanachēstāru		
S0197	నన్నుచుడండి	nannuchuḍaṇḍi	Look at me [respectful]	respectful	100			site,book1000	nannuchuḍaṇḍi		
S0198	మీరువెళ్ళవచ్చు	mīruveḷḷavachchu	You may go		100			site,book1000	mīruveḷḷavachchu		
S0199	నాకుఆమె ఇష్టము	nākuāme iṣṭamu	I like her		100			site,book1000	nākuāme iṣṭamu		
S0200	నేనుఒంటరిగా ఉన్నాను	nēnuoṇṭarigā unnānu	I'm single		100			site,book1000	nēnuoṇṭarigā unnānu		
S0201	నాకుగుర్తుంది	nākugurtundi	I remember		100			site,book1000	nākugurtundi		
S0202	నేనుఅలసిపోయాను	nēnualasipōyānu	I am tired		100			site,book1000	nēnualasipōyānu		
S0203	నేనుభేషుగ్గా ఉన్నాను	nēnubhēṣuggā unnānu	I am great		100			site,book1000	nēnubhēṣuggā unnānu		
S0204	నన్నుచుడనివ్వండి	nannuchuḍanivvaṇḍi	Let me see; Let me check [respectful]	respectful	100			site,book1000	nannuchuḍanivvaṇḍi		
S0205	ఏమి ఇబ్బంది లేదు	ēmi ibbandi lēdu	No problem [respectful]	respectful	100			site,book1000	ēmi ibbandi lēdu		
S0206	ಇದಿ ನೆನ	ಇದಿ ನೆನ	This is me		100			site,book1000	ಇದಿ ನೆನ		
S0207	అలా నడుద్దామా	alā naḍuddāmā	Let's walk		100			site,book1000	alā naḍuddāmā		
S0208	అది ఎలా ఉంది ?	adi elā undi ?	How was it ?		100			site,book1000	adi elā undi ?		
S0209	నేనుతెరుసాను	nēnuterusānu	I will open		100			site,book1000	nēnuterusānu		
S0210	నను చుడండి	nanu chuḍaṇḍi	Look at me! [respectful]	respectful	100			site,book1000	nanu chuḍaṇḍi		
S0211	శుభరాత్రత	śubharātrata	Good night!		100			site,book1000	śubharātrata		
S0212	నేనుఎందుకుకాదు?	nēnuendukukādu?	Why not me?		100			site,book1000	nēnuendukukādu?		
S0213	ఎవరునృతంచేశారు?	evarunṛtanchēśāru?	Who danced?		100			site,book1000	evarunṛtanchēśāru?		
S0214	దీనిని ఎవరుచేశారు?	dīnini evaruchēśāru?	Who did it?		100			site,book1000	dīnini evaruchēśāru?		
S0215	అయనవెంటనే తనారు	ayanaveṇṭanē tanāru	He ate soon		100			site,book1000	ayanaveṇṭanē tanāru		
S0216	నేనుచేయగలను	nēnuchēyagalanu	I can do it		100			site,book1000	nēnuchēyagalanu		
S0217	నేనుచేయవచు	nēnuchēyavachu	I may do it		100			site,book1000	nēnuchēyavachu		
S0218	అది నిజం	adi nijaṁ	That's true		100			site,book1000	adi nijaṁ		
S0219	లేదునేనుచేయను	lēdunēnuchēyanu	No, I don't		100			site,book1000	lēdunēnuchēyanu		
S0220	నమ్మకండి	nammakaṇḍi	Don't trust [respectful]	respectful	100			site,book1000	nammakaṇḍi		
S0221	ఎవరూఇవ్వలేదు	evarūivvalēdu	Nobody gave		100			site,book1000	evarūivvalēdu		
S0222	నాకుఆకలిగా ఉంది	nākuākaligā undi	I am hungry		100			site,book1000	nākuākaligā undi		
S0223	ఆవిడఎవరు?	āviḍaevaru?	Who is she ?		100			site,book1000	āviḍaevaru?		
S0224	లోపలికి అడుగు	lōpaliki aḍugu	Step inside		100			site,book1000	lōpaliki aḍugu		
S0225	నాకురాయండి	nākurāyaṇḍi	Write to me [respectful]	respectful	100			site,book1000	nākurāyaṇḍi		
S0226	ఇప్పుడే వస్తోంది	ippuḍē vastōndi	Just coming		100			site,book1000	ippuḍē vastōndi		
S0227	అయనపొట్టిగాఉన్నారు	ayanapoṭṭigāunnāru	He is short [respectful]	respectful	100			site,book1000	ayanapoṭṭigāunnāru		
S0228	ఇది ఇక్కడఉండే	idi ikkaḍauṇḍē	It was here		100			site,book1000	idi ikkaḍauṇḍē		
S0229	తాగకండి	tāgakaṇḍi	Don't drink [respectful]	respectful	100			site,book1000	tāgakaṇḍi		
S0230	స్వాగతంసార్	svāgataṁsār	Welcome sir		100			site,book1000	svāgataṁsār		
S0231	మనంవెళ్లామా	manaṁveḷlāmā	Shall we go; Shall we go ?		100			site,book1000	manaṁveḷlāmā		
S0232	కిందపెట్టండి	kindapeṭṭaṇḍi	Put it down [respectful]	respectful	100			site,book1000	kindapeṭṭaṇḍi		
S0233	నేనుఇంకా తింటాను	nēnuinkā tiṇṭānu	I still eat		100			site,book1000	nēnuinkā tiṇṭānu		
S0234	నేనుచింతిస్తున్నాను	nēnuchintistunnānu	I'm worried		100			site,book1000	nēnuchintistunnānu		
S0235	మీ మీదనాకునమ్మకంఉంది	mī mīdanākunammakaṁundi	I trust you [respectful]	respectful	100			site,book1000	mī mīdanākunammakaṁundi		
S0236	నేనుబయలుదేరుతున్నాను	nēnubayaludērutunnānu	I'm leaving; I am leaving		100			site,book1000	nēnubayaludērutunnānu		
S0237	మీరువెళ్ళారా?	mīruveḷḷārā?	Did you go ?		100			site,book1000	mīruveḷḷārā?		
S0238	అవునునేనువెళ్ళాను	avununēnuveḷḷānu	Yes , I went		100			site,book1000	avununēnuveḷḷānu		
S0239	ఇది ఉప్పుగా ఉంది	idi uppugā undi	It is salty		100			site,book1000	idi uppugā undi		
S0240	సరే డాక్టర్	sarē ḍākṭar	Okay Doctor		100			site,book1000	sarē ḍākṭar		
S0241	ఉద్యోగంప్రారంభించండి	udyōgamprārambhinchaṇḍi	Start a job [respectful]	respectful	100			site,book1000	udyōgamprārambhinchaṇḍi		
S0242	వాళ్ళని వెళ్లనివ్వండి	vāḷḷani veḷlanivvaṇḍi	Let them go [respectful]	respectful	100			site,book1000	vāḷḷani veḷlanivvaṇḍi		
S0243	చాలా నవ్వండి	chālā navvaṇḍi	Smile a lot [respectful]	respectful	100			site,book1000	chālā navvaṇḍi		
S0244	నా కోసంఆగండి	nā kōsaṁāgaṇḍi	Wait for me [respectful]	respectful	100			site,book1000	nā kōsaṁāgaṇḍi		
S0245	నేనుచెబుతున్నఆపండి	nēnuchebutunnaāpaṇḍi	I say , stop [respectful]	respectful	100			site,book1000	nēnuchebutunnaāpaṇḍi		
S0246	నేనువెళ్ళలేదు	nēnuveḷḷalēdu	I didn't go		100			site,book1000	nēnuveḷḷalēdu		
S0247	ಅದಿ ನೆನನ್?	ಅದಿ ನೆನನ್?	Is that me ?		100			site,book1000	ಅದಿ ನೆನನ್?		
S0248	జాగ్రత్తగాఉండండి	jāgrattagāuṇḍaṇḍi	Be cautious [respectful]	respectful	100			site,book1000	jāgrattagāuṇḍaṇḍi		
S0249	నాకుదాహంవేస్తోంది	nākudāhaṁvēstōndi	I am thirsty		100			site,book1000	nākudāhaṁvēstōndi		
S0250	నేనుతెరుస్తున్నాను	nēnuterustunnānu	I am opening		100			site,book1000	nēnuterustunnānu		
S0251	అయనవచ్చారా?	ayanavachchārā?	Has he come ?		100			site,book1000	ayanavachchārā?		
S0252	నేనుకూడా కాదు	nēnukūḍā kādu	Neither am I		100			site,book1000	nēnukūḍā kādu		
S0253	మీరుప్రయత్నించారా?	mīruprayatninchārā?	Did you try ?		100			site,book1000	mīruprayatninchārā?		
S0254	ఎవరుచేస్తారు?	evaruchēstāru?	Who does it ?		100			site,book1000	evaruchēstāru?		
S0255	అయనపంపబడ్డారా?	ayanapampabaḍḍārā?	Was he sent ?		100			site,book1000	ayanapampabaḍḍārā?		
S0256	అయనప్రేమించబడ్డారా?	ayanaprēminchabaḍḍārā?	Is he loved ?		100			site,book1000	ayanaprēminchabaḍḍārā?		
S0257	నేనుతప్పకచేయాలి	nēnutappakachēyāli	I must do it		100			site,book1000	nēnutappakachēyāli		
S0258	మరలా కలుద్దాం	maralā kaluddāṁ	See you then		100			site,book1000	maralā kaluddāṁ		
S0259	నేనురాస్తున్నాను	nēnurāstunnānu	I am writing		100			site,book1000	nēnurāstunnānu		
S0260	ఎందుకుఅంతఆలస్యం?	endukuantaālasyaṁ?	Why so late ?		100			site,book1000	endukuantaālasyaṁ?		
S0261	కేవలంఊహించుకోండి	kēvalaṁūhinchukōṇḍi	Just imagine [respectful]	respectful	100			site,book1000	kēvalaṁūhinchukōṇḍi		
S0262	తరవాతఏంటి ?	taravātaēṇṭi ?	What's next ?		100			site,book1000	taravātaēṇṭi ?		
S0263	నేనుచదువుకుంటున్నాను	nēnuchaduvukuṇṭunnānu	I'm studying; I am studying		100			site,book1000	nēnuchaduvukuṇṭunnānu		
S0264	నేనుఆడను	nēnuāḍanu	I won't play		100			site,book1000	nēnuāḍanu		
S0265	నేనుతెచ్చాను	nēnutechchānu	I brought it		100			site,book1000	nēnutechchānu		
S0266	మీరువెళ్లరు	mīruveḷlaru	You don't go		100			site,book1000	mīruveḷlaru		
S0267	మీరుఅబ్బాయిలే	mīruabbāyilē	You are boys		100			site,book1000	mīruabbāyilē		
S0268	మేముఅమ్మాయిలు	mēmuammāyilu	We are girls		100			site,book1000	mēmuammāyilu		
S0269	కాదు, అది కానేకాదు	kādu, adi kānēkādu	No , It's not		100			site,book1000	kādu, adi kānēkādu		
S0270	మాట్లాడటంఆపండి	māṭlāḍaṭaṁāpaṇḍi	Stop talking [respectful]	respectful	100			site,book1000	māṭlāḍaṭaṁāpaṇḍi		
S0271	నేనువండుతున్నాను	nēnuvaṇḍutunnānu	I am cooking		100			site,book1000	nēnuvaṇḍutunnānu		
S0272	నెమ్మదిగా నడపండి	nemmadigā naḍapaṇḍi	Drive Slowly [respectful]	respectful	100			site,book1000	nemmadigā naḍapaṇḍi		
S0273	అది ఎక్కడఉంది ?	adi ekkaḍaundi ?	Where is it ?		100			site,book1000	adi ekkaḍaundi ?		
S0274	ఇది ఏమిటి?	idi ēmiṭi?	What is this ?		100			site,book1000	idi ēmiṭi?		
S0275	ఇప్పుడువెళ్ళకండి	ippuḍuveḷḷakaṇḍi	Don't go now [respectful]	respectful	100			site,book1000	ippuḍuveḷḷakaṇḍi		
S0276	నేనుకాఫీ తాగాను	nēnukāphī tāgānu	I had coffee		100			site,book1000	nēnukāphī tāgānu		
S0277	అతనునన్నుపిలిచారు.	atanunannupilichāru.	He called me		100			site,book1000	atanunannupilichāru.		
S0278	నాకుకలంకావాలి	nākukalankāvāli	I need a pen		100			site,book1000	nākukalankāvāli		
S0279	అయనఅక్కడఉన్నారా?	ayanaakkaḍaunnārā?	Is he there ? [respectful]	respectful	100			site,book1000	ayanaakkaḍaunnārā?		
S0280	నాకుఒకకుమారుడుఉన్నాడు	nākuokakumāruḍuunnāḍu	I have a son		100			site,book1000	nākuokakumāruḍuunnāḍu		
S0281	మీరుబాధలో ఉన్నారా?	mīrubādhalō unnārā?	Are you sad ? [respectful]	respectful	100			site,book1000	mīrubādhalō unnārā?		
S0282	నేనుపరిగెడుతున్నాను	nēnuparigeḍutunnānu	I am running		100			site,book1000	nēnuparigeḍutunnānu		
S0283	చూడటంఆపండి	chūḍaṭaṁāpaṇḍi	Stop staring [respectful]	respectful	100			site,book1000	chūḍaṭaṁāpaṇḍi		
S0284	అది సరైనది	adi sarainadi	That's right; That's right !		100			site,book1000	adi sarainadi		
S0285	నేనుపట్టించుకోను	nēnupaṭṭinchukōnu	I don't care		100			site,book1000	nēnupaṭṭinchukōnu		
S0286	నేనుపట్టించుకోవడంలేదు	nēnupaṭṭinchukōvaḍaṁlēdu	I don't mind		100			site,book1000	nēnupaṭṭinchukōvaḍaṁlēdu		
S0287	నాకుఖచ్చితంగా తెలియదు	nākukhachchitangā teliyadu	I'm not sure		100			site,book1000	nākukhachchitangā teliyadu		
S0288	ఇక్కడఉన్నారు మీరు	ikkaḍaunnāru mīru	Here you are [respectful]	respectful	100			site,book1000	ikkaḍaunnāru mīru		
S0289	ఇది సిద్ధంగా ఉందా?	idi siddhangā undā?	Is ready ?		100			site,book1000	idi siddhangā undā?		
S0290	కారుకడగండి	kārukaḍagaṇḍi	Wash the car [respectful]	respectful	100			site,book1000	kārukaḍagaṇḍi		
S0291	అవునునేనుప్రారంభిస్తాను	avununēnuprārambhistānu	Yes , I begin		100			site,book1000	avununēnuprārambhistānu		
S0292	ఇది శుభ్రంగాఉందా?	idi śubhrangāundā?	is it clean ?		100			site,book1000	idi śubhrangāundā?		
S0293	అర్థమైంది	arthamaindi	I understood		100			site,book1000	arthamaindi		
S0294	నేనురెండుగంటలుఆడుతాను	nēnureṇḍugaṇṭaluāḍutānu	I play hrs		100			site,book1000	nēnureṇḍugaṇṭaluāḍutānu		
S0295	పెద్దగా ఏమీ లేదు	peddagā ēmī lēdu	Nothing much		100			site,book1000	peddagā ēmī lēdu		
S0296	అది సరిపోతుంది	adi saripōtundi	That will do		100			site,book1000	adi saripōtundi		
S0297	నెమ్మదిగా మాట్లాడండి	nemmadigā māṭlāḍaṇḍi	Speak slowly [respectful]	respectful	100			site,book1000	nemmadigā māṭlāḍaṇḍi		
S0298	వెళ్లినిద్రపోండి	veḷlinidrapōṇḍi	Go and sleep [respectful]	respectful	100			site,book1000	veḷlinidrapōṇḍi		
S0299	వర్షంపడుతుంది ఇది సూర్యోదయము	varṣampaḍutundi idi sūryōdayamu	It's raining		100			site,book1000	varṣampaḍutundi idi sūryōdayamu		
S0300	మీరుమంచి వారు	mīrumanchi vāru	You are good		100			site,book1000	mīrumanchi vāru		
S0301	అయనవద్దఒకకలంఉంది	ayanavaddaokakalaṁundi	He had a pen		100			site,book1000	ayanavaddaokakalaṁundi		
S0302	మేముమీకే	mēmumīkē	We are yours		100			site,book1000	mēmumīkē		
S0303	నేనుచెప్పలేదు	nēnucheppalēdu	I didn't say		100			site,book1000	nēnucheppalēdu		
S0304	ఇది నా సంకల్పం	idi nā sankalpaṁ	It's my will		100			site,book1000	idi nā sankalpaṁ		
S0305	నేనుచదువుతాను	nēnuchaduvutānu	I will study		100			site,book1000	nēnuchaduvutānu		
S0306	ఇది చాలా ఎక్కువ	idi chālā ekkuva	This is too much		100			site,book1000	idi chālā ekkuva		
S0307	నేనునవ్వుతున్నాను	nēnunavvutunnānu	I am smiling; I am laughing		100			site,book1000	nēnunavvutunnānu		
S0308	నన్నుమాట్లాడనివ్వండి	nannumāṭlāḍanivvaṇḍi	Let me speak [respectful]	respectful	100			site,book1000	nannumāṭlāḍanivvaṇḍi		
S0309	అతనునా పిల్లి	atanunā pilli	He is my cat		100			site,book1000	atanunā pilli		
S0310	అయననిద్రపోతున్నారు	ayananidrapōtunnāru	He is asleep [respectful]	respectful	100			site,book1000	ayananidrapōtunnāru		
S0311	నేనురెండ్గంటలుతీసుకున్నాను	nēnureṇḍgaṇṭalutīsukunnānu	I took hrs		100			site,book1000	nēnureṇḍgaṇṭalutīsukunnānu		
S0312	నాకుకారుఉంది	nākukāruundi	I have a car		100			site,book1000	nākukāruundi		
S0313	చింతించకండి	chintinchakaṇḍi	Not to worry [respectful]	respectful	100			site,book1000	chintinchakaṇḍi		
S0314	అయనఅనారోగ్యంతో ఉన్నారు	ayanaanārōgyantō unnāru	He is unwell [respectful]	respectful	100			site,book1000	ayanaanārōgyantō unnāru		
S0315	నేనుభయపడ్డాను	nēnubhayapaḍḍānu	I was scared		100			site,book1000	nēnubhayapaḍḍānu		
S0316	నేనుచేస్తున్నాను	nēnuchēstunnānu	I am doing it; I was doing it		100			site,book1000	nēnuchēstunnānu		
S0317	అవునునేనువిచారంగా ఉన్నాను	avununēnuvichārangā unnānu	Yes , I am sad		100			site,book1000	avununēnuvichārangā unnānu		
S0318	నాకుజలుబుచేసింది	nākujalubuchēsindi	I have a cold		100			site,book1000	nākujalubuchēsindi		
S0319	నేనుతెరవను	nēnuteravanu	I don't open		100			site,book1000	nēnuteravanu		
S0320	నేనుతెరవలేదు	nēnuteravalēdu	I didn't open		100			site,book1000	nēnuteravalēdu		
S0321	అయనతెరుస్తున్నారు	ayanaterustunnāru	He is opening [respectful]	respectful	100			site,book1000	ayanaterustunnāru		
S0322	శుభోదయం	śubhōdayaṁ	Good morning !		100			site,book1000	śubhōdayaṁ		
S0323	శుభసాయంత్రం	śubhasāyantraṁ	Good evening !		100			site,book1000	śubhasāyantraṁ		
S0324	నేనుచేయలేను	nēnuchēyalēnu	Neither can I		100			site,book1000	nēnuchēyalēnu		
S0325	మీరుఎవరు?	mīruevaru?	Who are you ??		100			site,book1000	mīruevaru?		
S0326	వర్షంపడుతుందా?	varṣampaḍutundā?	Will it rain ?		100			site,book1000	varṣampaḍutundā?		
S0327	నన్నుభాదించకండి	nannubhādinchakaṇḍi	Don't hurt me [respectful]	respectful	100			site,book1000	nannubhādinchakaṇḍi		
S0328	నేనుఇవ్వగలను	nēnuivvagalanu	I can give it		100			site,book1000	nēnuivvagalanu		
S0329	రండి వెళ్లాం	raṇḍi veḷlāṁ	Come let's go [respectful]	respectful	100			site,book1000	raṇḍi veḷlāṁ		
S0330	నేనువ్రాస్తున్నాను	nēnuvrāstunnānu	I was writing		100			site,book1000	nēnuvrāstunnānu		
S0331	ఇది మంచిది కాదు	idi manchidi kādu	It's not good; It's not nice		100			site,book1000	idi manchidi kādu		
S0332	తలుపుకితాళంవేయండి	talupukitāḷaṁvēyaṇḍi	Lock the door [respectful]	respectful	100			site,book1000	talupukitāḷaṁvēyaṇḍi		
S0333	మీరుఒకసారి చెప్పండి	mīruokasāri cheppaṇḍi	You tell once [respectful]	respectful	100			site,book1000	mīruokasāri cheppaṇḍi		
S0334	నేనుతాగను	nēnutāganu	I don't drink		100			site,book1000	nēnutāganu		
S0335	అవి బాగున్నాయి	avi bāgunnāyi	They are fine		100			site,book1000	avi bāgunnāyi		
S0336	మనంఎక్కడఉన్నాము?	manaṁekkaḍaunnāmu?	Where are we ?		100			site,book1000	manaṁekkaḍaunnāmu?		
S0337	ఆవిడా ఎక్కడఉన్నారు?	āviḍā ekkaḍaunnāru?	Where is she ? [respectful]	respectful	100			site,book1000	āviḍā ekkaḍaunnāru?		
S0338	నాకుటాక్సీ కావాలి	nākuṭāksī kāvāli	I need a taxi		100			site,book1000	nākuṭāksī kāvāli		
S0339	నేనుఇక్కడకొత్తగా వచ్చాను	nēnuikkaḍakottagā vachchānu	I am new here		100			site,book1000	nēnuikkaḍakottagā vachchānu		
S0340	పుస్తకంచదవండి	pustakanchadavaṇḍi	Read the book [respectful]	respectful	100			site,book1000	pustakanchadavaṇḍi		
S0341	చేయడంఆపండి	chēyaḍaṁāpaṇḍi	Stop doing it [respectful]	respectful	100			site,book1000	chēyaḍaṁāpaṇḍi		
S0342	కలలుకనడంఆపండి	kalalukanaḍaṁāpaṇḍi	Stop dreaming [respectful]	respectful	100			site,book1000	kalalukanaḍaṁāpaṇḍi		
S0343	సిద్ధంగాఉంచండి	siddhangāunchaṇḍi	Keep it ready [respectful]	respectful	100			site,book1000	siddhangāunchaṇḍi		
S0344	కొనసాగించండి	konasāginchaṇḍi	Keep it going [respectful]	respectful	100			site,book1000	konasāginchaṇḍi		
S0345	నన్నుమోసంచేయకండి	nannumōsanchēyakaṇḍi	Don't fool me [respectful]	respectful	100			site,book1000	nannumōsanchēyakaṇḍi		
S0346	నాకుతెలియదు	nākuteliyadu	I don't know		100			site,book1000	nākuteliyadu		
S0347	దయతో చూడండి	dayatō chūḍaṇḍi	Kindly see it [respectful]	respectful	100			site,book1000	dayatō chūḍaṇḍi		
S0348	మీరుతప్పు	mīrutappu	You are wrong		100			site,book1000	mīrutappu		
S0349	నేనుఏమి చెయ్యాలి?	nēnuēmi cheyyāli?	What do I do ?		100			site,book1000	nēnuēmi cheyyāli?		
S0350	దయచేసి మళ్ళీ చెప్పండి	dayachēsi maḷḷī cheppaṇḍi	Repeat please [respectful]	respectful	100			site,book1000	dayachēsi maḷḷī cheppaṇḍi		
S0351	నేనుఆయనతో వెళ్తాను	nēnuāyanatō veḷtānu	I go with him		100			site,book1000	nēnuāyanatō veḷtānu		
S0352	వర్షంపడుతోంది	varṣampaḍutōndi	It is raining		100			site,book1000	varṣampaḍutōndi		
S0353	నాకుఒకగది కావాలి	nākuokagadi kāvāli	I need a room		100			site,book1000	nākuokagadi kāvāli		
S0354	నేనునా కలంఇస్తాను	nēnunā kalaṁistānu	I give my pen		100			site,book1000	nēnunā kalaṁistānu		
S0355	నేనుపాలనుఇష్టపడతాను	nēnupālanuiṣṭapaḍatānu	I prefer milk		100			site,book1000	nēnupālanuiṣṭapaḍatānu		
S0356	చెప్పడానికి ప్రయత్నించండి	cheppaḍāniki prayatninchaṇḍi	Try to say it [respectful]	respectful	100			site,book1000	cheppaḍāniki prayatninchaṇḍi		
S0357	తప్పుఏంటి?	tappuēṇṭi?	What's wrong ?		100			site,book1000	tappuēṇṭi?		
S0358	మంచుపడుతున్నది	manchupaḍutunnadi	It is snowing		100			site,book1000	manchupaḍutunnadi		
S0359	నేనువేచి ఉండాలా?	nēnuvēchi uṇḍālā?	Shall I wait ?		100			site,book1000	nēnuvēchi uṇḍālā?		
S0360	నేలతుదచండి	nēlatudachaṇḍi	Mop the floor [respectful]	respectful	100			site,book1000	nēlatudachaṇḍi		
S0361	నేనుస్నానంచేయాలి	nēnusnānanchēyāli	I need a bath		100			site,book1000	nēnusnānanchēyāli		
S0362	మీరుప్రారంభిస్తారా?	mīruprārambhistārā?	Do you begin ?		100			site,book1000	mīruprārambhistārā?		
S0363	నేనుచెప్పేదిచేయండి	nēnucheppēdichēyaṇḍi	Do what I say [respectful]	respectful	100			site,book1000	nēnucheppēdichēyaṇḍi		
S0364	నేనుసాకర్ ఆడుతాను	nēnusākar āḍutānu	I play soccer		100			site,book1000	nēnusākar āḍutānu		
S0365	మీరుపొగత్రాగుతారా?	mīrupogatrāgutārā?	Do you smoke ?		100			site,book1000	mīrupogatrāgutārā?		
S0366	నాకుతినాలని ఉంది	nākutinālani undi	I want to eat		100			site,book1000	nākutinālani undi		
S0367	త్వరగా మాట్లాడండి	tvaragā māṭlāḍaṇḍi	Speak quickly [respectful]	respectful	100			site,book1000	tvaragā māṭlāḍaṇḍi		
S0368	డ్రైవింగ్ నేర్చుకోండి	ḍraiving nērchukōṇḍi	Learn driving [respectful]	respectful	100			site,book1000	ḍraiving nērchukōṇḍi		
S0369	అది అబ్బాయి	adi abbāyi	That is a boy		100			site,book1000	adi abbāyi		
S0370	అయననిద్రపోయారు	ayananidrapōyāru	He was asleep		100			site,book1000	ayananidrapōyāru		
S0371	ఆవిడఅలసిపోయారు	āviḍaalasipōyāru	She was tired		100			site,book1000	āviḍaalasipōyāru		
S0372	పేదవారికి సహాయంచేయండి	pēdavāriki sahāyanchēyaṇḍi	Help the poor [respectful]	respectful	100			site,book1000	pēdavāriki sahāyanchēyaṇḍi		
S0373	జుట్టుదువ్వుకోండి	juṭṭuduvvukōṇḍi	Comb the hair [respectful]	respectful	100			site,book1000	juṭṭuduvvukōṇḍi		
S0374	నిన్నునువ్వుప్రేమించు	ninnunuvvuprēminchu	Love yourself		100			site,book1000	ninnunuvvuprēminchu		
S0375	ఓపికకలిగిఉండండి	ōpikakaligiuṇḍaṇḍi	Have patience [respectful]	respectful	100			site,book1000	ōpikakaligiuṇḍaṇḍi		
S0376	మీరునన్నుఆశ్చర్యపరిచారు	mīrunannuāścharyaparichāru	You amazed		100			site,book1000	mīrunannuāścharyaparichāru		
S0377	మీరుఅబధంచెప్తున్నారు	mīruabadhancheptunnāru	You are lying [respectful]	respectful	100			site,book1000	mīruabadhancheptunnāru		
S0378	మీరుమమ్మల్ని వెళ్లనివ్వండి	mīrumammalni veḷlanivvaṇḍi	You let us go [respectful]	respectful	100			site,book1000	mīrumammalni veḷlanivvaṇḍi		
S0379	నా దగ్గరకారుఉంది	nā daggarakāruundi	I have my car		100			site,book1000	nā daggarakāruundi		
S0380	అయననన్నుక్షమించారు	ayananannukṣaminchāru	He forgave me		100			site,book1000	ayananannukṣaminchāru		
S0381	మీరుచాలా బాగా ఉన్నారు	mīruchālā bāgā unnāru	You look good [respectful]	respectful	100			site,book1000	mīruchālā bāgā unnāru		
S0382	మళ్ళీ కలుద్దాం	maḷḷī kaluddāṁ	See you again		100			site,book1000	maḷḷī kaluddāṁ		
S0383	నేనుబోధిస్తున్నాను	nēnubōdhistunnānu	I am teaching		100			site,book1000	nēnubōdhistunnānu		
S0384	అయనఏడుస్తున్నారు	ayanaēḍustunnāru	He is weeping [respectful]	respectful	100			site,book1000	ayanaēḍustunnāru		
S0385	నేనునేర్చుకుంటున్నాను	nēnunērchukuṇṭunnānu	I am learning		100			site,book1000	nēnunērchukuṇṭunnānu		
S0386	నేనుయాపిల్ పండ్లుఅమ్ముతాను	nēnuyāpil paṇḍluammutānu	I sell apples		100			site,book1000	nēnuyāpil paṇḍluammutānu		
S0387	ఇక్కడఒకకలంఉంది	ikkaḍaokakalaṁundi	Here is a pen		100			site,book1000	ikkaḍaokakalaṁundi		
S0388	మనంతిందామా?	manantindāmā?	Shall we eat ?		100			site,book1000	manantindāmā?		
S0389	వెంటనే వెళ్ళండి	veṇṭanē veḷḷaṇḍi	Go right away [respectful]	respectful	100			site,book1000	veṇṭanē veḷḷaṇḍi		
S0390	నిశ్శబ్దంగా మాట్లాడండి	niśśabdangā māṭlāḍaṇḍi	Speak quietly [respectful]	respectful	100			site,book1000	niśśabdangā māṭlāḍaṇḍi		
S0391	దీని ధరఅయిదురూపాయలు	dīni dharaayidurūpāyalu	It costs Rs		100			site,book1000	dīni dharaayidurūpāyalu		
S0392	నేనుఅంగీకరించను	nēnuangīkarinchanu	I don't agree		100			site,book1000	nēnuangīkarinchanu		
S0393	నేనుచాలా ఖర్చుచేస్తాను	nēnuchālā kharchuchēstānu	I spend a lot		100			site,book1000	nēnuchālā kharchuchēstānu		
S0394	దయచేసి లోపలికి రండి	dayachēsi lōpaliki raṇḍi	Please come in [respectful]	respectful	100			site,book1000	dayachēsi lōpaliki raṇḍi		
S0395	నాకుదగ్గుగాఉంది	nākudaggugāundi	I have a cough		100			site,book1000	nākudaggugāundi		
S0396	అయనతెరవలేదు	ayanateravalēdu	He didn't open		100			site,book1000	ayanateravalēdu		
S0397	ఎప్పుడుఅలా చేయకండి	eppuḍualā chēyakaṇḍi	Never do that ! [respectful]	respectful	100			site,book1000	eppuḍualā chēyakaṇḍi		
S0398	తలదువ్వుకోండి	taladuvvukōṇḍi	Comb your hair [respectful]	respectful	100			site,book1000	taladuvvukōṇḍi		
S0399	ఇది ఎవరిది?	idi evaridi?	Whose is this ?		100			site,book1000	idi evaridi?		
S0400	ఎడమవైపువెళ్ళండి	eḍamavaipuveḷḷaṇḍi	Go to the left [respectful]	respectful	100			site,book1000	eḍamavaipuveḷḷaṇḍi		
S0401	ప్రారంభించడానికి సిద్ధంగాఉంది	prārambhinchaḍāniki siddhangāundi	Ready to begin		100			site,book1000	prārambhinchaḍāniki siddhangāundi		
S0402	నన్నునిందించవద్దు	nannunindinchavaddu	Don't blame me		100			site,book1000	nannunindinchavaddu		
S0403	ఆవిడపడుతున్నారు	āviḍapaḍutunnāru	She is singing [respectful]	respectful	100			site,book1000	āviḍapaḍutunnāru		
S0404	ఇప్పుడునేనుమాట్లాడగలను	ippuḍunēnumāṭlāḍagalanu	Now I can talk		100			site,book1000	ippuḍunēnumāṭlāḍagalanu		
S0405	ఇది చాలా బాగుంది	idi chālā bāgundi	It's very good		100			site,book1000	idi chālā bāgundi		
S0406	నేనుమిమ్మల్ని వినగలుగుతున్నాను	nēnumimmalni vinagalugutunnānu	I can hear you		100			site,book1000	nēnumimmalni vinagalugutunnānu		
S0407	దాని గురించి ఆలోచించండి	dāni gurinchi ālōchinchaṇḍi	Think about it [respectful]	respectful	100			site,book1000	dāni gurinchi ālōchinchaṇḍi		
S0408	సంతోషంగా ఉండండి	santōṣangā uṇḍaṇḍi	Enjoy yourself [respectful]	respectful	100			site,book1000	santōṣangā uṇḍaṇḍi		
S0409	నాకుఅవగాహనలేదు	nākuavagāhanalēdu	I have no idea		100			site,book1000	nākuavagāhanalēdu		
S0410	నేనునడుస్తూవచ్చాను	nēnunaḍustūvachchānu	I came walking		100			site,book1000	nēnunaḍustūvachchānu		
S0411	సరిగ్గాచేయండి	sariggāchēyaṇḍi	Do it properly [respectful]	respectful	100			site,book1000	sariggāchēyaṇḍi		
S0412	కలిసి చేయండి	kalisi chēyaṇḍi	Do it together [respectful]	respectful	100			site,book1000	kalisi chēyaṇḍi		
S0413	నా కోసంచదవండి	nā kōsanchadavaṇḍi	Read it for me [respectful]	respectful	100			site,book1000	nā kōsanchadavaṇḍi		
S0414	చేయడంప్రారంభించండి	chēyaḍamprārambhinchaṇḍi	Start doing it [respectful]	respectful	100			site,book1000	chēyaḍamprārambhinchaṇḍi		
S0415	ఎలా జరిగింది ?	elā jarigindi ?	How did it go ?		100			site,book1000	elā jarigindi ?		
S0416	అది అలా కాదు	adi alā kādu	It can't be so		100			site,book1000	adi alā kādu		
S0417	అందరితో మంచిగా ఉండండి	andaritō manchigā uṇḍaṇḍi	Be good to all [respectful]	respectful	100			site,book1000	andaritō manchigā uṇḍaṇḍi		
S0418	ఆయనకి డబ్బుకావాలి	āyanaki ḍabbukāvāli	He needs money		100			site,book1000	āyanaki ḍabbukāvāli		
S0419	నేనుమల్లి వస్తాను	nēnumalli vastānu	I'll come back		100			site,book1000	nēnumalli vastānu		
S0420	ఆయనఇప్పుడుఎలా ఉన్నారు?	āyanaippuḍuelā unnāru?	How is he now ? [respectful]	respectful	100			site,book1000	āyanaippuḍuelā unnāru?		
S0421	ఇక్కడచల్లగాఉంది	ikkaḍachallagāundi	It's cold here		100			site,book1000	ikkaḍachallagāundi		
S0422	నన్నుచేయడానికి అనుమతించండి	nannuchēyaḍāniki anumatinchaṇḍi	Allow me to do [respectful]	respectful	100			site,book1000	nannuchēyaḍāniki anumatinchaṇḍi		
S0423	వారుసంతోషమా?	vārusantōṣamā?	Are they happy ?		100			site,book1000	vārusantōṣamā?		
S0424	నాకుచేయి అందించండి	nākuchēyi andinchaṇḍi	Give me a hand [respectful]	respectful	100			site,book1000	nākuchēyi andinchaṇḍi		
S0425	అది జరుగుతుంది	adi jarugutundi	It will happen		100			site,book1000	adi jarugutundi		
S0426	Ayana ఆయనదానినిచేయరు danini cheyaru	Ayana āyanadāninichēyaru danini cheyaru	He will not do		100			site,book1000	Ayana āyanadāninichēyaru danini cheyaru		
S0427	అవును	avunu	Yes , Of course		100			site,book1000	avunu		
S0428	అది నా కారు	adi nā kāru	That is my car		100			site,book1000	adi nā kāru		
S0429	వారుబాగున్నారా?	vārubāgunnārā?	Are they fine ? [respectful]	respectful	100			site,book1000	vārubāgunnārā?		
S0430	వారుధైర్యంగా ఉన్నారా?	vārudhairyangā unnārā?	Are they bold ? [respectful]	respectful	100			site,book1000	vārudhairyangā unnārā?		
S0431	వారుఇక్కడఉన్నారా?	vāruikkaḍaunnārā?	Are they here ? [respectful]	respectful	100			site,book1000	vāruikkaḍaunnārā?		
S0432	నేనుఒకపద్యంవ్రాస్తాను	nēnuokapadyaṁvrāstānu	I write a poem		100			site,book1000	nēnuokapadyaṁvrāstānu		
S0433	నేనుఖర్జురాలనుదిగుమతి చేస్తాను	nēnukharjurālanudigumati chēstānu	I import dates		100			site,book1000	nēnukharjurālanudigumati chēstānu		
S0434	మేముపరిగెడుతున్నాము	mēmuparigeḍutunnāmu	We are running		100			site,book1000	mēmuparigeḍutunnāmu		
S0435	ఇది నా కలం	idi nā kalaṁ	This is my pen		100			site,book1000	idi nā kalaṁ		
S0436	అవునునాకది ఇష్టం	avununākadi iṣṭaṁ	Yes , I like it		100			site,book1000	avununākadi iṣṭaṁ		
S0437	ఇది చాలా వేడిగాఉంటుంది	idi chālā vēḍigāuṇṭundi	It is very hot IRCHAND		100			site,book1000	idi chālā vēḍigāuṇṭundi		
S0438	నేనుభయపడుటలేదు	nēnubhayapaḍuṭalēdu	I'm not afraid		100			site,book1000	nēnubhayapaḍuṭalēdu		
S0439	కోపగించకండి	kōpaginchakaṇḍi	Don't be angry [respectful]	respectful	100			site,book1000	kōpaginchakaṇḍi		
S0440	అతనుఒకపుస్తకంతీసుకున్నారు.	atanuokapustakantīsukunnāru.	He took a book [respectful]	respectful	100			site,book1000	atanuokapustakantīsukunnāru.		
S0441	వారుధనవంతులా?	vārudhanavantulā?	Are they rich ?		100			site,book1000	vārudhanavantulā?		
S0442	ఇది చాలా చల్లగాఉంది	idi chālā challagāundi	It's It ' very cold		100			site,book1000	idi chālā challagāundi		
S0443	మీ మెదడునుఉపయోగించండి	mī medaḍunuupayōginchaṇḍi	Use your brain [respectful]	respectful	100			site,book1000	mī medaḍunuupayōginchaṇḍi		
S0444	ఆహారాన్ని వడ్డించండి	āhārānni vaḍḍinchaṇḍi	Serve the food [respectful]	respectful	100			site,book1000	āhārānni vaḍḍinchaṇḍi		
S0445	మీరునేర్చుకుంటారు	mīrunērchukuṇṭāru	You will learn		100			site,book1000	mīrunērchukuṇṭāru		
S0446	మీరుఒకఅమ్మాయి	mīruokaammāyi	You are a girl		100			site,book1000	mīruokaammāyi		
S0447	నా గురించి ఆలోచించండి	nā gurinchi ālōchinchaṇḍi	Think about me [respectful]	respectful	100			site,book1000	nā gurinchi ālōchinchaṇḍi		
S0448	మీ మార్గాలనుచక్కదిద్దుకోండి	mī mārgālanuchakkadiddukōṇḍi	Mend your ways [respectful]	respectful	100			site,book1000	mī mārgālanuchakkadiddukōṇḍi		
S0449	ఆయననన్నుబాధపెట్టారు	āyananannubādhapeṭṭāru	He saddened me		100			site,book1000	āyananannubādhapeṭṭāru		
S0450	ఎనిమిది గంటలకునాకుగుర్తుచేయండి	enimidi gaṇṭalakunākugurtuchēyaṇḍi	Remind me at [respectful]	respectful	100			site,book1000	enimidi gaṇṭalakunākugurtuchēyaṇḍi		
S0451	పనిలేకుండా కూర్చోకండి	panilēkuṇḍā kūrchōkaṇḍi	Don't sit idle [respectful]	respectful	100			site,book1000	panilēkuṇḍā kūrchōkaṇḍi		
S0452	నన్నుబాధించకండి	nannubādhinchakaṇḍi	Don't annoy me [respectful]	respectful	100			site,book1000	nannubādhinchakaṇḍi		
S0453	నేనుక్రికెట్ఆడతాను	nēnukrikeṭāḍatānu	I play cricket		100			site,book1000	nēnukrikeṭāḍatānu		
S0454	నేనుఆడాలి	nēnuāḍāli	I have to play		100			site,book1000	nēnuāḍāli		
S0455	దీపంవెలిగించండి	dīpaṁveliginchaṇḍi	Light the lamp [respectful]	respectful	100			site,book1000	dīpaṁveliginchaṇḍi		
S0456	ఆయనఇబ్బందికరంగా ఉన్నారు	āyanaibbandikarangā unnāru	He was awkward [respectful]	respectful	100			site,book1000	āyanaibbandikarangā unnāru		
S0457	అమ్మఇంట్లోఉంది	ammaiṇṭlōundi	Mom is at home		100			site,book1000	ammaiṇṭlōundi		
S0458	ఆయననన్నువెళ్లేలా చేస్తారు	āyananannuveḷlēlā chēstāru	He makes me go		100			site,book1000	āyananannuveḷlēlā chēstāru		
S0459	మీరుఇప్పుడువెళ్ళవచ్చు	mīruippuḍuveḷḷavachchu	You may go now		100			site,book1000	mīruippuḍuveḷḷavachchu		
S0460	దయచేసి తీసుకోండి	dayachēsi tīsukōṇḍi	Please take it [respectful]	respectful	100			site,book1000	dayachēsi tīsukōṇḍi		
S0461	నాకుకుక్కఅంటే ఇష్టం	nākukukkaaṇṭē iṣṭaṁ	I like the dog		100			site,book1000	nākukukkaaṇṭē iṣṭaṁ		
S0462	నాకుఅనుకూలంగా ఉండకండి	nākuanukūlangā uṇḍakaṇḍi	Don't favor me [respectful]	respectful	100			site,book1000	nākuanukūlangā uṇḍakaṇḍi		
S0463	నాకునా మార్గాలుఉన్నాయి	nākunā mārgāluunnāyi	I have my ways		100			site,book1000	nākunā mārgāluunnāyi		
S0464	ఎవరుదోషి?	evarudōṣi?	Who is guilty?		100			site,book1000	evarudōṣi?		
S0465	ఏమి జరిగింది?	ēmi jarigindi?	What happened?		100			site,book1000	ēmi jarigindi?		
S0466	ఆయనఏమీ చేయలేదు	āyanaēmī chēyalēdu	He did nothing		100			site,book1000	āyanaēmī chēyalēdu		
S0467	ఆయనమాకుకోక్ తీసుకునారు	āyanamākukōk tīsukunāru	He got us coke		100			site,book1000	āyanamākukōk tīsukunāru		
S0468	ఆయనకి ఏమి లేదు	āyanaki ēmi lēdu	He has nothing		100			site,book1000	āyanaki ēmi lēdu		
S0469	మరికొని తీసుకుర్ండి	marikoni tīsukurṇḍi	Bring some more [respectful]	respectful	100			site,book1000	marikoni tīsukurṇḍi		
S0470	ఇవి ఏమిట్ట?	ivi ēmiṭṭa?	What are		100			site,book1000	ivi ēmiṭṭa?		
S0471	అవి ఏమిట్ట?	avi ēmiṭṭa?	What are those?		100			site,book1000	avi ēmiṭṭa?		
S0472	ఆయనతెర్వరు	āyanatervaru	He doesn't open		100			site,book1000	āyanatervaru		
S0473	నేనుతెర్వను	nēnutervanu	I will not open		100			site,book1000	nēnutervanu		
S0474	లోపలి రండి	lōpali raṇḍi	Get in ! [respectful]	respectful	100			site,book1000	lōpali raṇḍi		
S0475	కారులోకి రండి !	kārulōki raṇḍi !	Get in the car ! [respectful]	respectful	100			site,book1000	kārulōki raṇḍi !		
S0476	ఎందుకుమీరుఅంత?	endukumīruanta?	Why are you so ?		100			site,book1000	endukumīruanta?		
S0477	ఎంతహాస్యాస్పదంగాఉంది !	entahāsyāspadangāundi !	How ridiculous !		100			site,book1000	entahāsyāspadangāundi !		
S0478	ఎంతఅసహ్యకరమైనది	entaasahyakaramainadi	How disgusting !		100			site,book1000	entaasahyakaramainadi		
S0479	నేనుఎక్కడికి వెళ్ళగలను?	nēnuekkaḍiki veḷḷagalanu?	Where can I go ?		100			site,book1000	nēnuekkaḍiki veḷḷagalanu?		
S0480	ఎవరువెళ్ళరు?	evaruveḷḷaru?	Who doesn't go ?		100			site,book1000	evaruveḷḷaru?		
S0481	ఆయని తటక్ండి	āyani taṭakṇḍi	Don't scold him [respectful]	respectful	100			site,book1000	āyani taṭakṇḍi		
S0482	అది నిజంకాదు	adi nijankādu	That's not true		100			site,book1000	adi nijankādu		
S0483	నేనుఇవను	nēnuivanu	I don't give it		100			site,book1000	nēnuivanu		
S0484	మనంవెళామా?	manaṁveḷāmā?	Shall we leave?		100			site,book1000	manaṁveḷāmā?		
S0485	నేనుదీని చేయాల్ల	nēnudīni chēyālla	I Nenu have dinni to do cheyali it		100			site,book1000	nēnudīni chēyālla		
S0486	నేనుచేయక్పోవచు	nēnuchēyakpōvachu	I may not do it		100			site,book1000	nēnuchēyakpōvachu		
S0487	ఇప్పడుచలా మంచిది	ippaḍuchalā manchidi	Much		100			site,book1000	ippaḍuchalā manchidi		
S0488	అది నిజంఅయ్యఉండాల్ల	adi nijaṁayyauṇḍālla	It must be true		100			site,book1000	adi nijaṁayyauṇḍālla		
S0489	ఆయనఅక్కడలేరా?	āyanaakkaḍalērā?	Isn't he there ?		100			site,book1000	āyanaakkaḍalērā?		
S0490	ఎవరూలేరు	evarūlēru	Nobody is there		100			site,book1000	evarūlēru		
S0491	ఆయనకోపంగా ఉన్నారు	āyanakōpangā unnāru	He became angry [respectful]	respectful	100			site,book1000	āyanakōpangā unnāru		
S0492	నేనుమీతో చేరవచ్చా?	nēnumītō chēravachchā?	May I join you ?		100			site,book1000	nēnumītō chēravachchā?		
S0493	నేనుపట్టిచుకోను	nēnupaṭṭichukōnu	I don't mind it		100			site,book1000	nēnupaṭṭichukōnu		
S0494	నాకుఅది అక్కరలేదు	nākuadi akkaralēdu	I don't want it		100			site,book1000	nākuadi akkaralēdu		
S0495	నేనుఇబ్బందుల్లో ఉన్నాను	nēnuibbandullō unnānu	I am in trouble		100			site,book1000	nēnuibbandullō unnānu		
S0496	లేదునేనుతినను	lēdunēnutinanu	No , I don't eat		100			site,book1000	lēdunēnutinanu		
S0497	ఆయనవింటున్నారు	āyanaviṇṭunnāru	He is listening [respectful]	respectful	100			site,book1000	āyanaviṇṭunnāru		
S0498	కోపంతెచ్చుకోకండి	kōpantechchukōkaṇḍi	Don't get angry [respectful]	respectful	100			site,book1000	kōpantechchukōkaṇḍi		
S0499	మీ కాలర్నుపరిష్కరించండి	mī kālarnupariṣkarinchaṇḍi	Fix your collar [respectful]	respectful	100			site,book1000	mī kālarnupariṣkarinchaṇḍi		
S0500	నన్నుదోమకుట్టింది	nannudōmakuṭṭindi	Mosquito bit me		100			site,book1000	nannudōmakuṭṭindi		
S0501	ఎలా జరుగుతోంది?	elā jarugutōndi?	How's it going ?		100			site,book1000	elā jarugutōndi?		
S0502	మీరుఎక్కడఉంటిరి?	mīruekkaḍauṇṭiri?	Where were you ?		100			site,book1000	mīruekkaḍauṇṭiri?		
S0503	భయపడకండి	bhayapaḍakaṇḍi	Don't be afraid [respectful]	respectful	100			site,book1000	bhayapaḍakaṇḍi		
S0504	రండి ఆడుదాం	raṇḍi āḍudāṁ	Come let's play [respectful]	respectful	100			site,book1000	raṇḍi āḍudāṁ		
S0505	అబద్ధాలుచెప్పకండి	abaddhālucheppakaṇḍi	Don't tell lies [respectful]	respectful	100			site,book1000	abaddhālucheppakaṇḍi		
S0506	నోరుతెరవండి	nōruteravaṇḍi	Open your mouth [respectful]	respectful	100			site,book1000	nōruteravaṇḍi		
S0507	అది నా తప్పు	adi nā tappu	That's my fault		100			site,book1000	adi nā tappu		
S0508	ఇది పైనఉంది	idi painaundi	It's on the top		100			site,book1000	idi painaundi		
S0509	నేనుఆయనతో వెళ్ళాను	nēnuāyanatō veḷḷānu	I went with him		100			site,book1000	nēnuāyanatō veḷḷānu		
S0510	ఆవిడమోస్తున్నారు	āviḍamōstunnāru	She is carrying [respectful]	respectful	100			site,book1000	āviḍamōstunnāru		
S0511	లేదునేనుపెరుగుని ఇష్టపడతాను	lēdunēnuperuguni iṣṭapaḍatānu	No , I like curd		100			site,book1000	lēdunēnuperuguni iṣṭapaḍatānu		
S0512	నేనురైలులో వచ్చాను	nēnurailulō vachchānu	I came train		100			site,book1000	nēnurailulō vachchānu		
S0513	నేనునిద్రపోవాలనుకుంటున్నాను	nēnunidrapōvālanukuṇṭunnānu	I want to sleep		100			site,book1000	nēnunidrapōvālanukuṇṭunnānu		
S0514	పాఠంచదవండి	pāṭhanchadavaṇḍi	Read the lesson [respectful]	respectful	100			site,book1000	pāṭhanchadavaṇḍi		
S0515	నేనుఇంకా తినలేదు	nēnuinkā tinalēdu	I am yet to eat		100			site,book1000	nēnuinkā tinalēdu		
S0516	నేనువ్రాయలేను	nēnuvrāyalēnu	I cannot write		100			site,book1000	nēnuvrāyalēnu		
S0517	ఇది మామిడి	idi māmiḍi	That is a mango		100			site,book1000	idi māmiḍi		
S0518	వారుఅలసిపోయారా?	vārualasipōyārā?	Are they tired ?		100			site,book1000	vārualasipōyārā?		
S0519	నాకుకెమెరా కావాలి	nākukemerā kāvāli	I want a camera		100			site,book1000	nākukemerā kāvāli		
S0520	వారుచెదరంగంఆడుతారు	vāruchedarangaṁāḍutāru	They play chess		100			site,book1000	vāruchedarangaṁāḍutāru		
S0521	వారుబొమ్మలనుతయారుచేస్తారు	vārubommalanutayāruchēstāru	They make dolls		100			site,book1000	vārubommalanutayāruchēstāru		
S0522	నేనుఆంగ్లభాషనేర్పిస్తాను	nēnuānglabhāṣanērpistānu	I teach English		100			site,book1000	nēnuānglabhāṣanērpistānu		
S0523	నేనుఆంగ్లంచదువుతాను	nēnuānglanchaduvutānu	I study English		100			site,book1000	nēnuānglanchaduvutānu		
S0524	ఇది ఆయనకలం	idi āyanakalaṁ	This is his pen		100			site,book1000	idi āyanakalaṁ		
S0525	ఆహారంఎలా ఉంది?	āhāraṁelā undi?	How's the		100			site,book1000	āhāraṁelā undi?		
S0526	జాగ్రత్తగా నడపండి	jāgrattagā naḍapaṇḍi	Drive Carefully [respectful]	respectful	100			site,book1000	jāgrattagā naḍapaṇḍi		
S0527	ఇది సాధ్యమేనా?	idi sādhyamēnā?	Is it possible ?		100			site,book1000	idi sādhyamēnā?		
S0528	నేలనుతుదచండి	nēlanutudachaṇḍi	Sweep the floor [respectful]	respectful	100			site,book1000	nēlanutudachaṇḍi		
S0529	చెడువాసనవస్తుంది	cheḍuvāsanavastundi	That smells bad		100			site,book1000	cheḍuvāsanavastundi		
S0530	ఇది నాకుఇష్టంలేదు	idi nākuiṣṭaṁlēdu	I don't like it		100			site,book1000	idi nākuiṣṭaṁlēdu		
S0531	ఇది మీ కోసం	idi mī kōsaṁ	This is for you [respectful]	respectful	100			site,book1000	idi mī kōsaṁ		
S0532	నేనుదీన్నికొంటాను	nēnudīnnikoṇṭānu	I will buy this		100			site,book1000	nēnudīnnikoṇṭānu		
S0533	నేనుఇక్కడకూర్చోవచ్చా?	nēnuikkaḍakūrchōvachchā?	Can I sit here ?		100			site,book1000	nēnuikkaḍakūrchōvachchā?		
S0534	నాకుఒకవైద్యుడుకావాలి	nākuokavaidyuḍukāvāli	I need a doctor		100			site,book1000	nākuokavaidyuḍukāvāli		
S0535	అంతరాయంకలిగించకండి	antarāyankaliginchakaṇḍi	Don't interrupt [respectful]	respectful	100			site,book1000	antarāyankaliginchakaṇḍi		
S0536	మీరుఎందుకుపరిగెత్తుతారు?	mīruendukuparigettutāru?	Why do you run ?		100			site,book1000	mīruendukuparigettutāru?		
S0537	ఆయనఎందుకుపరిగెత్తారు?	āyanaendukuparigettāru?	Why did he run ?		100			site,book1000	āyanaendukuparigettāru?		
S0538	మీరుతమాషా చేస్తున్నారా?	mīrutamāṣā chēstunnārā?	Are you kidding ? [respectful]	respectful	100			site,book1000	mīrutamāṣā chēstunnārā?		
S0539	ఇవి పుస్తకాలు	ivi pustakālu	These are books		100			site,book1000	ivi pustakālu		
S0540	నేనుఅమ్మాయిని కాదు	nēnuammāyini kādu	I am not a girl		100			site,book1000	nēnuammāyini kādu		
S0541	నేనుతలుపుతీరుస్తాను	nēnutaluputīrustānu	I open the door		100			site,book1000	nēnutaluputīrustānu		
S0542	నాకుమీరుచెప్పింది అర్థంకాలేదు	nākumīrucheppindi arthankālēdu	I don't get you		100			site,book1000	nākumīrucheppindi arthankālēdu		
S0543	ఆయనన్నినిందించకండి	āyananninindinchakaṇḍi	Don't abuse him [respectful]	respectful	100			site,book1000	āyananninindinchakaṇḍi		
S0544	నేనుఢిల్లీ లో నివసిస్తున్నాను	nēnuḍhillī lō nivasistunnānu	I live in Delhi		100			site,book1000	nēnuḍhillī lō nivasistunnānu		
S0545	మేముకూర్చున్నాము	mēmukūrchunnāmu	We were sitting		100			site,book1000	mēmukūrchunnāmu		
S0546	అది మెరుపు	adi merupu	It is lightning		100			site,book1000	adi merupu		
S0547	ఆయనవణుకుతున్నారు	āyanavaṇukutunnāru	He is shivering [respectful]	respectful	100			site,book1000	āyanavaṇukutunnāru		
S0548	దీనికిఆరుసంవత్సరాలుపట్టింది	dīnikiārusaṁvatsarālupaṭṭindi	It took years		100			site,book1000	dīnikiārusaṁvatsarālupaṭṭindi		
S0549	ఆయనఅరుదుగా నడుస్తారు	āyanaarudugā naḍustāru	He seldom walks		100			site,book1000	āyanaarudugā naḍustāru		
S0550	నాకుచెప్పబడింది	nākucheppabaḍindi	I had been told		100			site,book1000	nākucheppabaḍindi		
S0551	నేనుమిమ్మల్ని ఎప్పుడుకలవలేదు	nēnumimmalni eppuḍukalavalēdu	I never met you		100			site,book1000	nēnumimmalni eppuḍukalavalēdu		
S0552	నేనుఅక్కడికి వెళ్ళాలి	nēnuakkaḍiki veḷḷāli	I must go there		100			site,book1000	nēnuakkaḍiki veḷḷāli		
S0553	ప్రత్యేకంగాఏమీ లేదు	pratyēkangāēmī lēdu	Nothing special		100			site,book1000	pratyēkangāēmī lēdu		
S0554	నేలశుభ్రపరుచుము	nēlaśubhraparuchumu	Clean the floor		100			site,book1000	nēlaśubhraparuchumu		
S0555	ఏమీ లేదు, ధన్యవాదాలు	ēmī lēdu, dhanyavādālu	Nothing , thanks		100			site,book1000	ēmī lēdu, dhanyavādālu		
S0556	దయచేసి ఇది తీసుకోండి	dayachēsi idi tīsukōṇḍi	Have it , please [respectful]	respectful	100			site,book1000	dayachēsi idi tīsukōṇḍi		
S0557	నేనునమ్మను	nēnunammanu	I don't believe		100			site,book1000	nēnunammanu		
S0558	మీరుఏమి చేస్తారు?	mīruēmi chēstāru?	What do you do ?		100			site,book1000	mīruēmi chēstāru?		
S0559	నేనునడకకోసంవెళ్తాను	nēnunaḍakakōsaṁveḷtānu	I go for a walk		100			site,book1000	nēnunaḍakakōsaṁveḷtānu		
S0560	ఎప్పటికీఉంచండి	eppaṭikīunchaṇḍi	Keep it forever [respectful]	respectful	100			site,book1000	eppaṭikīunchaṇḍi		
S0561	నేనుఆనందిస్తున్నాను	nēnuānandistunnānu	I am having fun		100			site,book1000	nēnuānandistunnānu		
S0562	ఆవిడచాలమాట్లాడుతుంది	āviḍachālamāṭlāḍutundi	She talks a lot		100			site,book1000	āviḍachālamāṭlāḍutundi		
S0563	భారతదేశంగెలుస్తుంది	bhāratadēśangelustundi	India will win		100			site,book1000	bhāratadēśangelustundi		
S0564	నేనుఆహారంతిన్నాను	nēnuāhārantinnānu	I had food		100			site,book1000	nēnuāhārantinnānu		
S0565	మీరుఎందుకుతెలుసుకోవాలి?	mīruendukutelusukōvāli?	Who do all know?		100			site,book1000	mīruendukutelusukōvāli?		
S0566	నేనుచాలా ఆనందించాను	nēnuchālā ānandinchānu	I enjoyed a lot !		100			site,book1000	nēnuchālā ānandinchānu		
S0567	మీరుపొరపాటుపడ్డారు	mīruporapāṭupaḍḍāru	You are mistaken		100			site,book1000	mīruporapāṭupaḍḍāru		
S0568	నేనుగర్వపడుతున్నాను	nēnugarvapaḍutunnānu	I am proud of it		100			site,book1000	nēnugarvapaḍutunnānu		
S0569	అవునునేనుసంతోషంగా ఉన్నాను	avununēnusantōṣangā unnānu	Yes , I am happy ?		100			site,book1000	avununēnusantōṣangā unnānu		
S0570	ఇవి పుస్తకాలా?	ivi pustakālā?	Are these books ?		100			site,book1000	ivi pustakālā?		
S0571	నాకుదంతనొప్పిఉంది	nākudantanoppiundi	I have toothache		100			site,book1000	nākudantanoppiundi		
S0572	నేనుతెరవడంలేదు	nēnuteravaḍaṁlēdu	I am not opening		100			site,book1000	nēnuteravaḍaṁlēdu		
S0573	నాకువిరామంఇవ్వండి	nākuvirāmaṁivvaṇḍi	Give a break ! [respectful]	respectful	100			site,book1000	nākuvirāmaṁivvaṇḍi		
S0574	ఇప్పుడుమీరుఎలా ఉన్నారు?	ippuḍumīruelā unnāru?	How are you now ? [respectful]	respectful	100			site,book1000	ippuḍumīruelā unnāru?		
S0575	నేనుమీకుఏమి అవుతాను?	nēnumīkuēmi avutānu?	Who am I to you ?		100			site,book1000	nēnumīkuēmi avutānu?		
S0576	శుభదినం!	śubhadinaṁ!	Have a nice day !		100			site,book1000	śubhadinaṁ!		
S0577	ఎందుకుఅడిగారు?	endukuaḍigāru?	Why did you ask ?		100			site,book1000	endukuaḍigāru?		
S0578	ఇక్కడనుండి వెళ్లిపోండి	ikkaḍanuṇḍi veḷlipōṇḍi	Get out of here ! [respectful]	respectful	100			site,book1000	ikkaḍanuṇḍi veḷlipōṇḍi		
S0579	మీరుఎక్కడికి వెళతారు?	mīruekkaḍiki veḷatāru?	Where do you go ?		100			site,book1000	mīruekkaḍiki veḷatāru?		
S0580	దయచేసి అంగీకరించండి	dayachēsi angīkarinchaṇḍi	Please accept it [respectful]	respectful	100			site,book1000	dayachēsi angīkarinchaṇḍi		
S0581	నా మీదఅరవకండి	nā mīdaaravakaṇḍi	Don't yell at me [respectful]	respectful	100			site,book1000	nā mīdaaravakaṇḍi		
S0582	నేనుబస్సునుఅందుకోలేకపోయాను	nēnubassunuandukōlēkapōyānu	I missed the bus		100			site,book1000	nēnubassunuandukōlēkapōyānu		
S0583	నేనుఆయనసోదరుడిని	nēnuāyanasōdaruḍini	I am his brother		100			site,book1000	nēnuāyanasōdaruḍini		
S0584	మీరుదీన్నిచేయగలరా?	mīrudīnnichēyagalarā?	Can you do this ?		100			site,book1000	mīrudīnnichēyagalarā?		
S0585	నేనుఇవ్వలేను	nēnuivvalēnu	I cannot give it		100			site,book1000	nēnuivvalēnu		
S0586	నేనుఇవ్వలేదు	nēnuivvalēdu	I didn't give it		100			site,book1000	nēnuivvalēdu		
S0587	నేనుచేయను	nēnuchēyanu	I will not do it		100			site,book1000	nēnuchēyanu		
S0588	మీరుమేధావి	mīrumēdhāvi	You are a genius		100			site,book1000	mīrumēdhāvi		
S0589	చాలా కాలంచూడలేదు	chālā kālanchūḍalēdu	Long time no see		100			site,book1000	chālā kālanchūḍalēdu		
S0590	నాకుక్రొత్తదాన్ని కొనండి	nākukrottadānni konaṇḍi	Buy me a new one [respectful]	respectful	100			site,book1000	nākukrottadānni konaṇḍi		
S0591	ఇది నాకుచూపించండి	idi nākuchūpinchaṇḍi	Show me this one [respectful]	respectful	100			site,book1000	idi nākuchūpinchaṇḍi		
S0592	ఇక్కడఒకటి ఉంది	ikkaḍaokaṭi undi	There's one here		100			site,book1000	ikkaḍaokaṭi undi		
S0593	అంతవేగంగా వెళ్ళకండి	antavēgangā veḷḷakaṇḍi	Don't go so fast [respectful]	respectful	100			site,book1000	antavēgangā veḷḷakaṇḍi		
S0594	నేనుఇంకా తింటున్నాను	nēnuinkā tiṇṭunnānu	I'm still eating		100			site,book1000	nēnuinkā tiṇṭunnānu		
S0595	ఎక్కువసమయం	ekkuvasamayaṁ	Most of the time		100			site,book1000	ekkuvasamayaṁ		
S0596	మీరుభోజనంచేస్తూండేనా?	mīrubhōjananchēstūṇḍēnā?	Were you eating ?		100			site,book1000	mīrubhōjananchēstūṇḍēnā?		
S0597	ఇది చాలా అత్యవసరం	idi chālā atyavasaraṁ	It's very urgent		100			site,book1000	idi chālā atyavasaraṁ		
S0598	నేనుమళ్ళీ ప్రయత్నిస్తాను	nēnumaḷḷī prayatnistānu	I will try again		100			site,book1000	nēnumaḷḷī prayatnistānu		
S0599	ఆవిడనా సోదరి	āviḍanā sōdari	She is my sister		100			site,book1000	āviḍanā sōdari		
S0600	ఇది నా ఇల్లు	idi nā illu	This is my house		100			site,book1000	idi nā illu		
S0601	నేనుతప్పుకావచ్చు	nēnutappukāvachchu	I could be wrong		100			site,book1000	nēnutappukāvachchu		
S0602	నాకుచూపిస్తారా?	nākuchūpistārā?	Can you show me ?		100			site,book1000	nākuchūpistārā?		
S0603	అది అందంగావుంది	adi andangāvundi	That's beautiful		100			site,book1000	adi andangāvundi		
S0604	అది చాలా పెద్దదా?	adi chālā peddadā?	Is that too big ?		100			site,book1000	adi chālā peddadā?		
S0605	అలా అయితే , అది సరే	alā ayitē , adi sarē	If so , it's okay		100			site,book1000	alā ayitē , adi sarē		
S0606	ఇది ఆవిడకుఇవ్వండి	idi āviḍakuivvaṇḍi	Give this to her [respectful]	respectful	100			site,book1000	idi āviḍakuivvaṇḍi		
S0607	ఇది తప్పమరేమీ లేదు	idi tappamarēmī lēdu	Nothing but this		100			site,book1000	idi tappamarēmī lēdu		
S0608	నేనుమీ గురించి పట్టించుకుంటాను	nēnumī gurinchi paṭṭinchukuṇṭānu	I care about you		100			site,book1000	nēnumī gurinchi paṭṭinchukuṇṭānu		
S0609	ఇది తలక్రిందులుగాఉంది	idi talakrindulugāundi	It's upside down		100			site,book1000	idi talakrindulugāundi		
S0610	నాకువేరే మార్గంలేదు	nākuvērē mārgaṁlēdu	I have no choice		100			site,book1000	nākuvērē mārgaṁlēdu		
S0611	నేనుదీన్నికొనాలనుకుంటున్నాను	nēnudīnnikonālanukuṇṭunnānu	I wanna buy this		100			site,book1000	nēnudīnnikonālanukuṇṭunnānu		
S0612	నేనుకాస్తప్రయత్నించవచ్చా?	nēnukāstaprayatninchavachchā?	Can I try it on ?		100			site,book1000	nēnukāstaprayatninchavachchā?		
S0613	ఆయనమిమ్మల్ని గుర్తుంచుకుంటారు	āyanamimmalni gurtunchukuṇṭāru	He remembers you		100			site,book1000	āyanamimmalni gurtunchukuṇṭāru		
S0614	నాకుచాయ్ లేదు	nākuchāy lēdu	I don't like tea		100			site,book1000	nākuchāy lēdu		
S0615	మీరుఏమి అడుగుతారు?	mīruēmi aḍugutāru?	What do you ask ?		100			site,book1000	mīruēmi aḍugutāru?		
S0616	ఎంతమంది ?	entamandi ?	How many people ? [respectful]	respectful	100			site,book1000	entamandi ?		
S0617	ప్రతిఒక్కరు, ఎలా ఉన్నారు?	pratiokkaru, elā unnāru?	How is everyone ? [respectful]	respectful	100			site,book1000	pratiokkaru, elā unnāru?		
S0618	ఇప్పుడుఏమి తినాలి?	ippuḍuēmi tināli?	What to eat now ?		100			site,book1000	ippuḍuēmi tināli?		
S0619	శబ్దంచేయకండి	śabdanchēyakaṇḍi	Don't make noise [respectful]	respectful	100			site,book1000	śabdanchēyakaṇḍi		
S0620	ఇది నిజంకాదు	idi nijankādu	This is not true		100			site,book1000	idi nijankādu		
S0621	మాకుడబ్బులేదు	mākuḍabbulēdu	We have no money		100			site,book1000	mākuḍabbulēdu		
S0622	ఇది ఆవిడా పుస్తకం	idi āviḍā pustakaṁ	This is her book		100			site,book1000	idi āviḍā pustakaṁ		
S0623	ఇది నా గడియారం	idi nā gaḍiyāraṁ	This is my watch		100			site,book1000	idi nā gaḍiyāraṁ		
S0624	ఆవిడా నన్నుఅడుగుతోంది.	āviḍā nannuaḍugutōndi.	She is asking me		100			site,book1000	āviḍā nannuaḍugutōndi.		
S0625	ఆయనఅక్కడఉంటారు	āyanaakkaḍauṇṭāru	He will be there		100			site,book1000	āyanaakkaḍauṇṭāru		
S0626	నేనుమీతో అంగీక్రిసునాను	nēnumītō angīkrisunānu	I agree with you		100			site,book1000	nēnumītō angīkrisunānu		
S0627	నేనుఇక్డే ఉండవచ?	nēnuikḍē uṇḍavacha?	May I stay here?		100			site,book1000	nēnuikḍē uṇḍavacha?		
S0628	Naku నాకుమీ mi సహాయం sahayam kavali కావాల్ల	Naku nākumī mi sahāyaṁ sahayam kavali kāvālla	I need your help		100			site,book1000	Naku nākumī mi sahāyaṁ sahayam kavali kāvālla		
S0629	నేనుమీతో వసాను	nēnumītō vasānu	I come with you		100			site,book1000	nēnumītō vasānu		
S0630	లేదు, నాకుబాధగా లేదు	lēdu, nākubādhagā lēdu	No, I am not sad		100			site,book1000	lēdu, nākubādhagā lēdu		
S0631	నేనుకూర్గాయలుకొంటాను	nēnukūrgāyalukoṇṭānu	I buy vegetables		100			site,book1000	nēnukūrgāyalukoṇṭānu		
S0632	వారుఏమి చేసారు?	vāruēmi chēsāru?	What do they do? [respectful]	respectful	100			site,book1000	vāruēmi chēsāru?		
S0633	నేనుఒక్ లేఖరాసాను	nēnuok lēkharāsānu	I write a letter		100			site,book1000	nēnuok lēkharāsānu		
S0634	అవునునేనుతీసుకున్నాను	avununēnutīsukunnānu	Yes, I have taken		100			site,book1000	avununēnutīsukunnānu		
S0635	నేనుఆవిడని ఇష్టపడను	nēnuāviḍani iṣṭapaḍanu	I don't like her		100			site,book1000	nēnuāviḍani iṣṭapaḍanu		
S0636	ఆయన మా నాన్న. ఆయన పేరు మూర్తి.	āyana mā nānna. āyana pēru mūrti.	That is my father. His name is Murthy. (formal — unchanged)		83	mūrti		site	āyana mā nānna. āyana pēru mūrti.		
S0637	ఆవిడ మా అమ్మ. ఆవిడ పేరు సునీత.	āviḍa mā amma. āviḍa pēru sunīta.	That is my mother. Her name is Sunita. (formal — unchanged)		83	sunīta		site	āviḍa mā amma. āviḍa pēru sunīta.		
S0638	ఆమె మా అక్క. ఆమె పేరు దివ్య.	āme mā akka. āme pēru divya.	She is my elder sister. Her name is Divya. (neutral — unchanged)		83	divya		site	āme mā akka. āme pēru divya.		
S0639	అతను మా చిన్నాన్న. అతని పేరు సంజయ్.	atanu mā chinnānna. atani pēru sanjay.	He is my father's younger brother. His name is Sanjay. (neutral — u→i)		83	sanjay		site	atanu mā chinnānna. atani pēru sanjay.		
S0640	కానీ దారిలో ట్రాఫిక్ చాలా ఎక్కువ ఉంది	kānī dārilō ṭrāphik chālā ekkuva undi	But there was a lot of traffic on the way.		83	ṭrāphik		site	kānī dārilō ṭrāphik chālā ekkuva undi		Only three new words. kāni (but), dāri (way, road), ekkuva (a lot, excessive). Everything else you have: -lō from āphīsulō, plus chālā and undi.
S0641	రవి విద్యార్థి. సీత కూడా విద్యార్థి.	ravi vidyārthi. sīta kūḍā vidyārthi.	Who is a student?		80	ravi		site	ravi vidyārthi. sīta kūḍā vidyārthi.		
S0642	నా డాక్టర్ పేరు సోఫియా.	nā ḍākṭar pēru sōphiyā.	"""My doctor's name is Sophia."""		75	sōphiyā		site	nā ḍākṭar pēru sōphiyā.		no apostrophe-s, just stack
S0643	నమస్కారం. నా పేరు రవి.	namaskāraṁ. nā pēru ravi.	Hello. My name is Ravi.		75	ravi		site	namaskāraṁ. nā pēru ravi.		
S0644	రెండు కార్లు / ఇద్దరు.	reṇḍu kārlu / iddaru.	"""Two cars"" and ""two people"" — why are they different?"		75	kārlu		site	reṇḍu kārlu / iddaru.		People take the special -ru counting forms.
S0645	ఒక మనిషి తలుపు తట్టాడు	oka maniṣi talupu taṭṭāḍu	A man knocked on the door.		75	taṭṭāḍu		site	oka maniṣi talupu taṭṭāḍu		One previously unknown man enters the story and can now be referred to again.
S0646	వద్దు, థాంక్స్ అండి.	vaddu, thānks aṇḍi.	No thanks. [respectful]	respectful	67	thānks		site	vaddu, thānks aṇḍi.		declining an offer
S0647	రాజ్ ఒక విద్యార్థి.	rāj oka vidyārthi.	Raj is a student.		67	rāj		site	rāj oka vidyārthi.		
S0648	నేను సోఫియా ని.	nēnu sōphiyā ni.	"""I am Sophia."""		67	sōphiyā		site	nēnu sōphiyā ni.		"nēnu + name + the ""I"" marker -ni"
S0649	నా పేరు రాజ్.	nā pēru rāj.	My name is Raj.		67	rāj		site	nā pēru rāj.		
S0650	మా ఊరు హైదరాబాద్.	mā ūru haidarābād.	Our town is Hyderabad.		67	haidarābād		site	mā ūru haidarābād.		
S0651	మా ఊరు హైదరాబాద్. / మాది హైదరాబాద్.	mā ūru haidarābād. / mādi haidarābād.	You're from Hyderabad — two ways.		67	haidarābād haidarābād		site	mā ūru haidarābād. / mādi haidarābād.		
S0652	వాడు నా ఫ్రెండ్. వాడి పేరు పీటర్.	vāḍu nā phreṇḍ. vāḍi pēru pīṭar.	He is my friend. His name is Peter. (informal — u→i)	informal	67	phreṇḍ pīṭar		site	vāḍu nā phreṇḍ. vāḍi pēru pīṭar.		
S0653	అది నా క్లాస్‌మేట్. దాని పేరు గీత.	adi nā klāsmēṭ. dāni pēru gīta.	That's my classmate. Her name is Gita. (informal — new form)		67	klāsmēṭ gīta		site	adi nā klāsmēṭ. dāni pēru gīta.		
S0654	అతని పేరు సంజయ్.	atani pēru sanjay.	"""His name is Sanjay"" — neutral register."		67	sanjay		site	atani pēru sanjay.		atanu → atani
S0655	ఆమె పేరు దివ్య.	āme pēru divya.	"""Her name is Divya"" — neutral register."		67	divya		site	āme pēru divya.		āme doesn't change
S0656	ఒక్క పుస్తకమే తీసుకోండి	okka pustakamē tīsukōṇḍi	Take only one book. [respectful]	respectful	67	okka		site	okka pustakamē tīsukōṇḍi		The doubled kk plus -ē excludes alternatives explicitly.
S0657	మనిషి తలుపు తట్టాడు	maniṣi talupu taṭṭāḍu	Literally “man knocked on the door.”		67	taṭṭāḍu		site	maniṣi talupu taṭṭāḍu		Possible in context, but abrupt as a story opening; it can sound as if the man is already identifiable.
S0658	నా అరోగ్యముబాగా లేదు	nā arōgyamubāgā lēdu	I'm sick		67	arōgyamubāgā		site,book1000	nā arōgyamubāgā lēdu		
S0659	బయంగా వుంది నాకు	bayangā vundi nāku	I'm nervous		67	vundi		site,book1000	bayangā vundi nāku		
S0660	ఇది తియ్యగా ఉంది	idi tiyyagā undi	It is sweet		67	tiyyagā		site,book1000	idi tiyyagā undi		
S0661	నా బైక్ తీసుకోండి	nā baik tīsukōṇḍi	Take my bike [respectful]	respectful	67	baik		site,book1000	nā baik tīsukōṇḍi		
S0662	ఎదో ఒకటి చేయండి	edō okaṭi chēyaṇḍi	Do something [respectful]	respectful	67	edō		site,book1000	edō okaṭi chēyaṇḍi		
S0663	నేనునా టై కట్టాను	nēnunā ṭai kaṭṭānu	I tie my tie		67	kaṭṭānu		site,book1000	nēnunā ṭai kaṭṭānu		
S0664	కానీ నాకుఅది నచ్చింది	kānī nākuadi nachchindi	But I like it		67	nachchindi		site,book1000	kānī nākuadi nachchindi		
S0665	ఇది చౌకగా ఉంటుంది	idi chaukagā uṇṭundi	This is cheap		67	chaukagā		site,book1000	idi chaukagā uṇṭundi		
S0666	ఆయన్ని విశ్రాంతి తీసుకోనివ్వండి	āyanni viśrānti tīsukōnivvaṇḍi	Let him relax [respectful]	respectful	67	viśrānti		site,book1000	āyanni viśrānti tīsukōnivvaṇḍi		
S0667	లేదు, అది నాదే	lēdu, adi nādē	No , it is mine		67	nādē		site,book1000	lēdu, adi nādē		
S0668	నా చొక్కా తీసుకురండి	nā chokkā tīsukuraṇḍi	Bring my shirt [respectful]	respectful	67	chokkā		site,book1000	nā chokkā tīsukuraṇḍi		
S0669	దీన్ని నెమ్మదిగా చేయండి	dīnni nemmadigā chēyaṇḍi	Do this slowly [respectful]	respectful	67	dīnni		site,book1000	dīnni nemmadigā chēyaṇḍi		
S0670	అది నా కర్తవ్యం	adi nā kartavyaṁ	It was my duty		67	kartavyaṁ		site,book1000	adi nā kartavyaṁ		
S0671	ఇది నా బ్యాగ్	idi nā byāg	This is my bag		67	byāg		site,book1000	idi nā byāg		
S0672	అది చాలా అన్యాయం!	adi chālā anyāyaṁ!	That's too bad !		67	anyāyaṁ		site,book1000	adi chālā anyāyaṁ!		
S0673	నను బ్లవంతం చేయక్ండి	nanu blavantaṁ chēyakṇḍi	Don't compel me [respectful]	respectful	67	blavantaṁ		site,book1000	nanu blavantaṁ chēyakṇḍi		
S0674	నేనునా గడియారాని కోలోయాను	nēnunā gaḍiyārāni kōlōyānu	I lost my watch		67	kōlōyānu		site,book1000	nēnunā gaḍiyārāni kōlōyānu		
S0675	మీరుఇంటి దెగ్గరే ఉన్నారా?	mīruiṇṭi deggarē unnārā?	Are you at home [respectful]	respectful	67	deggarē		site,book1000	mīruiṇṭi deggarē unnārā?		
S0676	Ayana ఆయనతెరవరు teravaru	Ayana āyanateravaru teravaru	He will not open		67	teravaru		site,book1000	Ayana āyanateravaru teravaru		
S0677	సైకిల్ తో నడవండి	saikil tō naḍavaṇḍi	Walk the bicycle [respectful]	respectful	67	saikil		site,book1000	saikil tō naḍavaṇḍi		
S0678	ఈమార్గంలో Ee marganlo vellandi వెళ్ళండి	īmārgaṁlō Ee marganlo vellandi veḷḷaṇḍi	Go this way [respectful]	respectful	60	īmārgaṁlō Ee		site,book1000	īmārgaṁlō Ee marganlo vellandi veḷḷaṇḍi		
S0679	Ayana ఆయనబాగా baga leru లేరు	Ayana āyanabāgā baga leru lēru	He is not well		60	leru lēru		site,book1000	Ayana āyanabāgā baga leru lēru		
S0680	థాంక్స్ అండి	thānks aṇḍi	Thank a colleague in the way people actually do. [respectful]	respectful	50	thānks		site	thānks aṇḍi		dhanyavādālu is formal/ceremonial only
S0681	రాజ్ విద్యార్థి.	rāj vidyārthi.	Raj is a student.		50	rāj		site	rāj vidyārthi.		
S0682	మాది హైదరాబాద్.	mādi haidarābād.	Ours is Hyderabad.		50	haidarābād		site	mādi haidarābād.		the common form
S0683	మాది ఇండియా.	mādi iṇḍiyā.	Ours is India.		50	iṇḍiyā		site	mādi iṇḍiyā.		same information, family framing
S0684	ఇంగ్లీష్ తెలుసా?	inglīṣ telusā?	Do you know English?		50	inglīṣ		site	inglīṣ telusā?		
S0685	వాళ్ళ పేర్లు పీటర్, గీత.	vāḷḷa pērlu pīṭar, gīta.	Their names are Peter and Gita. (plural — u→a, noun takes -lu)		50	pīṭar gīta		site	vāḷḷa pērlu pīṭar, gīta.		
S0686	ఏం చేసారు?	ēṁ chēsāru?	What did you do? [respectful]	respectful	50	ēṁ		site	ēṁ chēsāru?		"Listen for: ēṁ (what). The -āru ending is the respectful ""you"" form — she's being polite to you."
S0687	ఇతను రవి.	itanu ravi.	This nearby man/person is Ravi.		50	ravi		site	itanu ravi.		
S0688	రవి విద్యార్థి.	ravi vidyārthi.	Ravi is a student.		50	ravi		site	ravi vidyārthi.		
S0689	ఇవి కార్లు.	ivi kārlu.	Change singular to plural: idi kāru.		50	kārlu		site	ivi kārlu.		
S0690	అవి కార్లు.	avi kārlu.	Those are cars.		50	kārlu		site	avi kārlu.		
S0691	ఒక రామయ్య ఫోన్ చేశాడు.	oka rāmayya phōn chēśāḍu.	“Someone called Ramayya called.” The listener does not know him.		50	rāmayya phōn		site	oka rāmayya phōn chēśāḍu.		oka gives “a certain / someone named.” · The identity is not assumed to be known.
S0692	దీనిని లాగుము/లాగండి	dīnini lāgumu/lāgaṇḍi	Pull it [respectful]	respectful	50	lāgumu/lāgaṇḍi		site,book1000	dīnini lāgumu/lāgaṇḍi		
S0693	రామ్ వెళతారు	rām veḷatāru	Ram goes		50	rām		site,book1000	rām veḷatāru		
S0694	ఇంటికి రండి	iṇṭiki raṇḍi	Come home [respectful]	respectful	50	iṇṭiki		site,book1000	iṇṭiki raṇḍi		
S0695	దూరంగా ఉండండి	dūrangā uṇḍaṇḍi	Stay away [respectful]	respectful	50	dūrangā		site,book1000	dūrangā uṇḍaṇḍi		
S0696	అది పోయింది	adi pōyindi	It's gone		50	pōyindi		site,book1000	adi pōyindi		
S0697	ఆయనని విడిచిపెట్టండి	āyanani viḍichipeṭṭaṇḍi	Leave him [respectful]	respectful	50	viḍichipeṭṭaṇḍi		site,book1000	āyanani viḍichipeṭṭaṇḍi		
S0698	రామ్ నడుచును	rām naḍuchunu	Ram walks		50	rām		site,book1000	rām naḍuchunu		
S0699	రామ్ ఆడుతారు	rām āḍutāru	Ram plays		50	rām		site,book1000	rām āḍutāru		
S0700	రామ్ ఉన్నారా?	rām unnārā?	Is Ram in ? [respectful]	respectful	50	rām		site,book1000	rām unnārā?		
S0701	దేవునికి ధన్యవాదాలు	dēvuniki dhanyavādālu	Thank God !		50	dēvuniki		site,book1000	dēvuniki dhanyavādālu		
S0702	రుచి చూడండి	ruchi chūḍaṇḍi	Just taste it [respectful]	respectful	50	ruchi		site,book1000	ruchi chūḍaṇḍi		
S0703	అతనంటే నాకిష్టం	atanaṇṭē nākiṣṭaṁ	I like him		50	nākiṣṭaṁ		site,book1000	atanaṇṭē nākiṣṭaṁ		
S0704	నరకానికి వెళ్ళు	narakāniki veḷḷu	Go to hell		50	narakāniki		site,book1000	narakāniki veḷḷu		
S0705	అది పాపం	adi pāpaṁ	It's a sin		50	pāpaṁ		site,book1000	adi pāpaṁ		
S0706	తనగా వెళ్ండి	tanagā veḷṇḍi	Go straight [respectful]	respectful	50	veḷṇḍi		site,book1000	tanagā veḷṇḍi		
S0707	నేనుదానిని కోలోయాను	nēnudānini kōlōyānu	I missed it		50	kōlōyānu		site,book1000	nēnudānini kōlōyānu		
S0708	ఇది రమేష్	idi ramēṣ	It's Ramesh		50	ramēṣ		site,book1000	idi ramēṣ		
S0709	నేనుఆయనని అడిగాను	nēnuāyanani aḍigānu	I asked him		50	aḍigānu		site,book1000	nēnuāyanani aḍigānu		
S0710	ఉదారంగా ఉండండి	udārangā uṇḍaṇḍi	Be generous [respectful]	respectful	50	udārangā		site,book1000	udārangā uṇḍaṇḍi		
S0711	పైకి వెళ్ళండి	paiki veḷḷaṇḍi	Go upstairs ! [respectful]	respectful	50	paiki		site,book1000	paiki veḷḷaṇḍi		
S0712	మీ దెగ్గరఉందా?	mī deggaraundā?	Do you have ? [respectful]	respectful	50	deggaraundā		site,book1000	mī deggaraundā?		
S0713	ఇంకేమి లేదు	inkēmi lēdu	Nothing else		50	inkēmi		site,book1000	inkēmi lēdu		
S0714	ఆయనని రానివ్వండి	āyanani rānivvaṇḍi	Let him come [respectful]	respectful	50	rānivvaṇḍi		site,book1000	āyanani rānivvaṇḍi		
S0715	అది విసుగ్గాఉంది	adi visuggāundi	It is boring		50	visuggāundi		site,book1000	adi visuggāundi		
S0716	నాతో రండి	nātō raṇḍi	Come with me [respectful]	respectful	50	nātō		site,book1000	nātō raṇḍi		
S0717	నా మాటవినండి	nā māṭavinaṇḍi	Listen to me [respectful]	respectful	50	māṭavinaṇḍi		site,book1000	nā māṭavinaṇḍi		
S0718	ఆయనకి జ్వరంఉంది	āyanaki jvaraṁundi	He has fever		50	jvaraṁundi		site,book1000	āyanaki jvaraṁundi		
S0719	నేనువెళ్లకుండా ఉండొచ్చా?	nēnuveḷlakuṇḍā uṇḍochchā?	Can I not go ?		50	uṇḍochchā		site,book1000	nēnuveḷlakuṇḍā uṇḍochchā?		
S0720	ఎవరుమిమ్మల్ని బాధించారు?	evarumimmalni bādhinchāru?	Who hurt you ?		50	bādhinchāru		site,book1000	evarumimmalni bādhinchāru?		
S0721	ఆయనకి ఒకదుకాణంఉంది	āyanaki okadukāṇaṁundi	He had a shop		50	okadukāṇaṁundi		site,book1000	āyanaki okadukāṇaṁundi		
S0722	బెల్ మోగించండి	bel mōginchaṇḍi	Ring the bell [respectful]	respectful	50	mōginchaṇḍi		site,book1000	bel mōginchaṇḍi		
S0723	తొందరగా తీసుకురండి	tondaragā tīsukuraṇḍi	Bring it soon [respectful]	respectful	50	tondaragā		site,book1000	tondaragā tīsukuraṇḍi		
S0724	సురేష్ లోపలఉన్నారా?	surēṣ lōpalaunnārā?	Is Suresh in ? [respectful]	respectful	50	surēṣ		site,book1000	surēṣ lōpalaunnārā?		
S0725	రామ్ నిద్రపోయారు	rām nidrapōyāru	Ram is asleep		50	rām		site,book1000	rām nidrapōyāru		
S0726	సుమిత్ ఇక్కడఉన్నారు	sumit ikkaḍaunnāru	Sumit is here [respectful]	respectful	50	sumit		site,book1000	sumit ikkaḍaunnāru		
S0727	అది ఒకకుర్చీ	adi okakurchī	It is a chair		50	okakurchī		site,book1000	adi okakurchī		
S0728	క్రిందకి వెళ్ళండి	krindaki veḷḷaṇḍi	Go downstairs ! [respectful]	respectful	50	krindaki		site,book1000	krindaki veḷḷaṇḍi		
S0729	నేనులోపలికి రావచ్చా?	nēnulōpaliki rāvachchā?	May I come in ?		50	rāvachchā		site,book1000	nēnulōpaliki rāvachchā?		
S0730	ఎవరి దెగ్గరడబ్బుఉంది?	evari deggaraḍabbuundi?	Who has money ?		50	deggaraḍabbuundi		site,book1000	evari deggaraḍabbuundi?		
S0731	దుకాణానికి వెళ్ళండి	dukāṇāniki veḷḷaṇḍi	Go to the shop [respectful]	respectful	50	dukāṇāniki		site,book1000	dukāṇāniki veḷḷaṇḍi		
S0732	కాఫీ వేడిగాఉందా ?	kāphī vēḍigāundā ?	Is coffee hot ?		50	kāphī		site,book1000	kāphī vēḍigāundā ?		
S0733	మీకే వదిలేస్తున్నాం	mīkē vadilēstunnāṁ	It's up to you		50	mīkē		site,book1000	mīkē vadilēstunnāṁ		
S0734	అది రుచికరమైనది	adi ruchikaramainadi	It's delicious		50	ruchikaramainadi		site,book1000	adi ruchikaramainadi		
S0735	అతనుచాలా సోమరి	atanuchālā sōmari	He's very lazy		50	sōmari		site,book1000	atanuchālā sōmari		
S0736	ఇది ఒకపుస్తకం	idi okapustakaṁ	This is a book		50	okapustakaṁ		site,book1000	idi okapustakaṁ		
S0737	చొక్కా ధరించండి	chokkā dharinchaṇḍi	Wear the shirt [respectful]	respectful	50	chokkā		site,book1000	chokkā dharinchaṇḍi		
S0738	అది వ్రాయబడినది	adi vrāyabaḍinadi	It was written		50	vrāyabaḍinadi		site,book1000	adi vrāyabaḍinadi		
S0739	అతిగా తినకండి	atigā tinakaṇḍi	Do not overeat [respectful]	respectful	50	atigā		site,book1000	atigā tinakaṇḍi		
S0740	సరే అలాగే	sarē alāgē	It's all right		50	alāgē		site,book1000	sarē alāgē		
S0741	సౌక్ర్ంగా ఉండండి	saukrngā uṇḍaṇḍi	Be comfortable [respectful]	respectful	50	saukrngā		site,book1000	saukrngā uṇḍaṇḍi		
S0742	ఇది ప్పసక్మా?	idi ppasakmā?	Is Idi this pusthakama? a these? book?		50	ppasakmā		site,book1000	idi ppasakmā?		
S0743	బస్సులో ఎక్కండి	bassulō ekkaṇḍi	Get on the bus ! [respectful]	respectful	50	bassulō		site,book1000	bassulō ekkaṇḍi		
S0744	మీకుఇది కావాలా?	mīkuidi kāvālā?	Do you need it ?		50	mīkuidi		site,book1000	mīkuidi kāvālā?		
S0745	ఆయనఎలా వెళ్తారు?	āyanaelā veḷtāru?	How does he go ?		50	veḷtāru		site,book1000	āyanaelā veḷtāru?		
S0746	తర్చుగా తనక్ండి	tarchugā tanakṇḍi	Don't eat often [respectful]	respectful	50	tarchugā		site,book1000	tarchugā tanakṇḍi		
S0747	నాకుఅవి నచయ్య	nākuavi nachayya	I like them too		50	nachayya		site,book1000	nākuavi nachayya		
S0748	అయ్యతే మీరుఎవరు?	ayyatē mīruevaru?	So, who are you?		50	ayyatē		site,book1000	ayyatē mīruevaru?		
S0749	మేమంతా ఇక్కడఉన్నాం	mēmantā ikkaḍaunnāṁ	We are all here		50	mēmantā		site,book1000	mēmantā ikkaḍaunnāṁ		
S0750	మిమ్మల్ని ఎవరుపిలిచారు?	mimmalni evarupilichāru?	Who called you ?		50	mimmalni		site,book1000	mimmalni evarupilichāru?		
S0751	వారుమిమ్మల్ని పిలిచారు	vārumimmalni pilichāru	They called you		50	pilichāru		site,book1000	vārumimmalni pilichāru		
S0752	గ్యాస్ అయిపోయింది	gyās ayipōyindi	The gas is over		50	ayipōyindi		site,book1000	gyās ayipōyindi		
S0753	ఈరాత్రికి కలుద్దాం	īrātriki kaluddāṁ	See you tonight		50	īrātriki		site,book1000	īrātriki kaluddāṁ		
S0754	ఇది అద్భుతమైనది	idi adbhutamainadi	It is wonderful		50	adbhutamainadi		site,book1000	idi adbhutamainadi		
S0755	ట్యాప్ ఆన్చేయండి	ṭyāp ānchēyaṇḍi	Turn on the tap; Turn the tap on [respectful]	respectful	50	ṭyāp		site,book1000	ṭyāp ānchēyaṇḍi		
S0756	ఒకకుళాయి ఉంది	okakuḷāyi undi	There was a tap		50	okakuḷāyi		site,book1000	okakuḷāyi undi		
S0757	నాకుఅది అలవాటే	nākuadi alavāṭē	I am used to it		50	alavāṭē		site,book1000	nākuadi alavāṭē		
S0758	రాహుల్ వెళ్ళాలి	rāhul veḷḷāli	Rahul has to go		50	rāhul		site,book1000	rāhul veḷḷāli		
S0759	రామ్ ఎప్పుడుఆడరు	rām eppuḍuāḍaru	Ram never plays		50	rām		site,book1000	rām eppuḍuāḍaru		
S0760	ఏది ఏమైనా	ēdi ēmainā	No matter what !		50	ēmainā		site,book1000	ēdi ēmainā		
S0761	ఇది ఒకపుకారు	idi okapukāru	This is a rumor		50	okapukāru		site,book1000	idi okapukāru		
S0762	నేనునా మాటమీదనిలబడతాను	nēnunā māṭamīdanilabaḍatānu	I keep my words		50	māṭamīdanilabaḍatānu		site,book1000	nēnunā māṭamīdanilabaḍatānu		
S0763	అలాంటిదేమీ లేదు	alāṇṭidēmī lēdu	Nothing as such		50	alāṇṭidēmī		site,book1000	alāṇṭidēmī lēdu		
S0764	నన్నుఇబ్బంది పెట్టవద్దు	nannuibbandi peṭṭavaddu	Don't bother me [respectful]	respectful	50	peṭṭavaddu		site,book1000	nannuibbandi peṭṭavaddu		
S0765	నేనుఏమి తెరవగలను?	nēnuēmi teravagalanu?	What can I open ?		50	teravagalanu		site,book1000	nēnuēmi teravagalanu?		
S0766	శ్యామ్ వస్తున్నారా?	śyām vastunnārā?	Is Shyam coming ? [respectful]	respectful	50	śyām		site,book1000	śyām vastunnārā?		
S0767	ఒకముద్దకూడా కాదు	okamuddakūḍā kādu	Not even a bite !		50	okamuddakūḍā		site,book1000	okamuddakūḍā kādu		
S0768	మీరుఎలా వెళ్తారు?	mīruelā veḷtāru?	How will you go ?		50	veḷtāru		site,book1000	mīruelā veḷtāru?		
S0769	ఎలాగో నాకుఅర్థమైంది	elāgō nākuarthamaindi	Somehow , I got it		50	elāgō		site,book1000	elāgō nākuarthamaindi		
S0770	నారింజచౌకగా ఉంటుంది	nārinjachaukagā uṇṭundi	Orange is cheap		50	nārinjachaukagā		site,book1000	nārinjachaukagā uṇṭundi		
S0771	నాకుమీ మాటవినిపించడంలేదు	nākumī māṭavinipinchaḍaṁlēdu	I can't hear you		50	māṭavinipinchaḍaṁlēdu		site,book1000	nākumī māṭavinipinchaḍaṁlēdu		
S0772	గాలి బుడగఊదండి	gāli buḍagaūdaṇḍi	Blow the balloon [respectful]	respectful	50	buḍagaūdaṇḍi		site,book1000	gāli buḍagaūdaṇḍi		
S0773	ఆయనఎలా ఉంటారు?	āyanaelā uṇṭāru?	What is he like ?		50	uṇṭāru		site,book1000	āyanaelā uṇṭāru?		
S0774	ఏమి వ్రాయబడింది?	ēmi vrāyabaḍindi?	What is written ?		50	vrāyabaḍindi		site,book1000	ēmi vrāyabaḍindi?		
S0775	మీరుఏమి చెబుతారు?	mīruēmi chebutāru?	What you do say ?		50	chebutāru		site,book1000	mīruēmi chebutāru?		
S0776	మీరుఇంటోనే ఉనారా?	mīruiṇṭōnē unārā?	Are you at home?		50	unārā		site,book1000	mīruiṇṭōnē unārā?		
S0777	ఏమీ జర్గలేదు	ēmī jargalēdu	Nothing happened		50	jargalēdu		site,book1000	ēmī jargalēdu		
S0778	ఆయనఎందుకుకోపంగా ఉనారు?	āyanaendukukōpangā unāru?	Why is he angry?		50	unāru		site,book1000	āyanaendukukōpangā unāru?		
S0779	అవ్వను, అతనుఅక్డఉనారు	avvanu, atanuakḍaunāru	Yes, he is there		50	avvanu		site,book1000	avvanu, atanuakḍaunāru		
S0780	మీరుఏమి కొంటారు?	mīruēmi koṇṭāru?	What do you buy?		50	koṇṭāru		site,book1000	mīruēmi koṇṭāru?		
S0781	ఇది తాజ్ మహల్. / అది తాజ్ మహల్.	idi tāj mahal. / adi tāj mahal.	"""This is the Taj Mahal / That is the Taj Mahal"""		43	tāj mahal tāj mahal		site	idi tāj mahal. / adi tāj mahal.		near i- vs distant a-
S0782	ఇది తాజ్ మహల్.	idi tāj mahal.	This is the Taj Mahal.		33	tāj mahal		site	idi tāj mahal.		
S0783	రామయ్య ఫోన్ చేశాడు	rāmayya phōn chēśāḍu	Ramayya called.		33	rāmayya phōn		site	rāmayya phōn chēśāḍu		The name is enough for the listener to know who you mean.
S0784	దాన్ని ఆన్ చేయండి	dānni ān chēyaṇḍi	Turn it on [respectful]	respectful	33	dānni ān		site,book1000	dānni ān chēyaṇḍi		
S0785	ఆయనఇరవై అయిదు పెన్నులుకొంటారు	āyanairavai ayidu pennulukoṇṭāru	He buys pens		33	ayidu pennulukoṇṭāru		site,book1000	āyanairavai ayidu pennulukoṇṭāru		
S0786	దాన్నితిప్పండి	dānnitippaṇḍi	Turn it [respectful]	respectful	0	dānnitippaṇḍi		site,book1000	dānnitippaṇḍi		
S0787	దాన్ని ఎత్తండి	dānni ettaṇḍi	Lift it [respectful]	respectful	0	dānni ettaṇḍi		site,book1000	dānni ettaṇḍi		
S0788	త్రోయుము/నెట్టండి	trōyumu/neṭṭaṇḍi	Push it [respectful]	respectful	0	trōyumu/neṭṭaṇḍi		site,book1000	trōyumu/neṭṭaṇḍi		
S0789	ఊదండి	ūdaṇḍi	Blow it [respectful]	respectful	0	ūdaṇḍi		site,book1000	ūdaṇḍi		
S0790	దాన్నిచింపివేయండి	dānnichimpivēyaṇḍi	Tear it [respectful]	respectful	0	dānnichimpivēyaṇḍi		site,book1000	dānnichimpivēyaṇḍi		
S0791	విసిరేయండి	visirēyaṇḍi	Throw it [respectful]	respectful	0	visirēyaṇḍi		site,book1000	visirēyaṇḍi		
S0792	అతికించండి	atikinchaṇḍi	Paste it [respectful]	respectful	0	atikinchaṇḍi		site,book1000	atikinchaṇḍi		
S0793	దీన్నిఉపయోగించండి	dīnniupayōginchaṇḍi	Use this [respectful]	respectful	0	dīnniupayōginchaṇḍi		site,book1000	dīnniupayōginchaṇḍi		
S0794	యధావిధిగా	yadhāvidhigā	As usual !		0	yadhāvidhigā		site,book1000	yadhāvidhigā		
S0795	ఏడవకండి	ēḍavakaṇḍi	Don't cry [respectful]	respectful	0	ēḍavakaṇḍi		site,book1000	ēḍavakaṇḍi		
S0796	దాన్ని విస్మరించండి	dānni vismarinchaṇḍi	Ignore it [respectful]	respectful	0	dānni vismarinchaṇḍi		site,book1000	dānni vismarinchaṇḍi		
S0797	మర్చిపోండి	marchipōṇḍi	Forget it [respectful]	respectful	0	marchipōṇḍi		site,book1000	marchipōṇḍi		
S0798	తీసివేయండి	tīsivēyaṇḍi	Take away [respectful]	respectful	0	tīsivēyaṇḍi		site,book1000	tīsivēyaṇḍi		
S0799	తన్నకండి	tannakaṇḍi	Thannakandi [respectful]	respectful	0	tannakaṇḍi		site,book1000	tannakaṇḍi		
S0800	కేకలువేయవద్దు	kēkaluvēyavaddu	Don't yell		0	kēkaluvēyavaddu		site,book1000	kēkaluvēyavaddu		
S0801	మీరంటే నాకిష్టం	mīraṇṭē nākiṣṭaṁ	I like you		0	mīraṇṭē nākiṣṭaṁ		site,book1000	mīraṇṭē nākiṣṭaṁ		
S0802	ఒకఉద్యోగంవెతుక్కోండి	okaudyōgaṁvetukkōṇḍi	Find a job [respectful]	respectful	0	okaudyōgaṁvetukkōṇḍi		site,book1000	okaudyōgaṁvetukkōṇḍi		
S0803	నాతోఉండండి	nātōuṇḍaṇḍi	Be with me [respectful]	respectful	0	nātōuṇḍaṇḍi		site,book1000	nātōuṇḍaṇḍi		
S0804	తీవ్రంగాఉండండి	tīvrangāuṇḍaṇḍi	Be serious [respectful]	respectful	0	tīvrangāuṇḍaṇḍi		site,book1000	tīvrangāuṇḍaṇḍi		
S0805	ఇదిప్రేమ	idiprēma	It is love		0	idiprēma		site,book1000	idiprēma		
S0806	మీకుఅలాగే	mīkualāgē	Same to you		0	mīkualāgē		site,book1000	mīkualāgē		
S0807	దాన్నిఆపివేయండి	dānniāpivēyaṇḍi	Turn it off [respectful]	respectful	0	dānniāpivēyaṇḍi		site,book1000	dānniāpivēyaṇḍi		
S0808	తరువాతచేయండి	taruvātachēyaṇḍi	Do it later [respectful]	respectful	0	taruvātachēyaṇḍi		site,book1000	taruvātachēyaṇḍi		
S0809	ఊరికే హాస్యంచేస్తున్నా	ūrikē hāsyanchēstunnā	Just joking		0	ūrikē hāsyanchēstunnā		site,book1000	ūrikē hāsyanchēstunnā		
S0810	నిద్దురపోండి	niddurapōṇḍi	Go to sleep [respectful]	respectful	0	niddurapōṇḍi		site,book1000	niddurapōṇḍi		
S0811	దీన్నిచేయకండి	dīnnichēyakaṇḍi	Don't do it [respectful]	respectful	0	dīnnichēyakaṇḍi		site,book1000	dīnnichēyakaṇḍi		
S0812	వానపడనీ	vānapaḍanī	Let it rain		0	vānapaḍanī		site,book1000	vānapaḍanī		
S0813	ఆలస్యంచేయకండి	ālasyanchēyakaṇḍi	Don't delay ! [respectful]	respectful	0	ālasyanchēyakaṇḍi		site,book1000	ālasyanchēyakaṇḍi		
S0814	అయిదునిమిషాల్లో	ayidunimiṣāllō	In minutes		0	ayidunimiṣāllō		site,book1000	ayidunimiṣāllō		
S0815	మూతతెరవండి	mūtateravaṇḍi	Open the lid [respectful]	respectful	0	mūtateravaṇḍi		site,book1000	mūtateravaṇḍi		
S0816	ఆడటంమానేయండి	āḍaṭammānēyaṇḍi	Stop playing [respectful]	respectful	0	āḍaṭammānēyaṇḍi		site,book1000	āḍaṭammānēyaṇḍi		
S0817	మర్చిపోకండి	marchipōkaṇḍi	Don't forget [respectful]	respectful	0	marchipōkaṇḍi		site,book1000	marchipōkaṇḍi		
S0818	మబ్బులుకమ్ముకునిఉంది	mabbulukammukuniundi	It is cloudy		0	mabbulukammukuniundi		site,book1000	mabbulukammukuniundi		
S0819	సిగ్గుపడకండి	siggupaḍakaṇḍi	Don't be shy [respectful]	respectful	0	siggupaḍakaṇḍi		site,book1000	siggupaḍakaṇḍi		
S0820	మూతమూసివేయండి	mūtamūsivēyaṇḍi	Close the lid [respectful]	respectful	0	mūtamūsivēyaṇḍi		site,book1000	mūtamūsivēyaṇḍi		
S0821	మీరేంటో నిరూపించుకోండి	mīrēṇṭō nirūpinchukōṇḍi	Show yourself [respectful]	respectful	0	mīrēṇṭō nirūpinchukōṇḍi		site,book1000	mīrēṇṭō nirūpinchukōṇḍi		
S0822	ఒకనిమిషంఆగండి	okanimiṣaṁāgaṇḍi	Wait a minute [respectful]	respectful	0	okanimiṣaṁāgaṇḍi		site,book1000	okanimiṣaṁāgaṇḍi		
S0823	ఆరురూపాయలుఇవ్వండి	ārurūpāyaluivvaṇḍi	Give rupees [respectful]	respectful	0	ārurūpāyaluivvaṇḍi		site,book1000	ārurūpāyaluivvaṇḍi		
S0824	ఏవిధంగా?	ēvidhangā?	In which way ?		0	ēvidhangā		site,book1000	ēvidhangā?		
S0825	బైక్తుదచండి	baiktudachaṇḍi	Wash the bike [respectful]	respectful	0	baiktudachaṇḍi		site,book1000	baiktudachaṇḍi		
S0826	ఇందులో ఏముంది ?	indulō ēmundi ?	What's in it ?		0	indulō ēmundi		site,book1000	indulō ēmundi ?		
S0827	తొందరగా కోలుకోండి	tondaragā kōlukōṇḍi	Get well soon [respectful]	respectful	0	tondaragā kōlukōṇḍi		site,book1000	tondaragā kōlukōṇḍi		
S0828	నూతనసంవత్సరశుభాకాంక్షలు	nūtanasaṁvatsaraśubhākānkṣalu	Happy New Year		0	nūtanasaṁvatsaraśubhākānkṣalu		site,book1000	nūtanasaṁvatsaraśubhākānkṣalu		
S0829	నీకుతెలుసా	nīkutelusā	You know what		0	nīkutelusā		site,book1000	nīkutelusā		
S0830	మీకుఒంట్లో బాలేదా?	mīkuoṇṭlō bālēdā?	Are you sick ?		0	mīkuoṇṭlō bālēdā		site,book1000	mīkuoṇṭlō bālēdā?		
S0831	ఊరికే	ūrikē	Just like that		0	ūrikē		site,book1000	ūrikē		
S0832	అదిఎంతపెద్దది?	adientapeddadi?	How big is it ?		0	adientapeddadi		site,book1000	adientapeddadi?		
S0833	నేనొకఉపాధ్యాయుడిని	nēnokaupādhyāyuḍini	I am a teacher		0	nēnokaupādhyāyuḍini		site,book1000	nēnokaupādhyāyuḍini		
S0834	సంజ్ఞచేయకండి	sanjñachēyakaṇḍi	Do not gesture [respectful]	respectful	0	sanjñachēyakaṇḍi		site,book1000	sanjñachēyakaṇḍi		
S0835	దాన్ని తాకకండి	dānni tākakaṇḍi	Don't touch it [respectful]	respectful	0	dānni tākakaṇḍi		site,book1000	dānni tākakaṇḍi		
S0836	తొందరపడకండి	tondarapaḍakaṇḍi	Don't be hasty [respectful]	respectful	0	tondarapaḍakaṇḍi		site,book1000	tondarapaḍakaṇḍi		
S0837	మొహమాటంపడకండి	mohamāṭampaḍakaṇḍi	Don't hesitate [respectful]	respectful	0	mohamāṭampaḍakaṇḍi		site,book1000	mohamāṭampaḍakaṇḍi		
S0838	మీకుతెల్లయదా?	mīkutellayadā?	Don't you know?		0	mīkutellayadā		site,book1000	mīkutellayadā?		
S0839	నీవ్వఆడపలవా?	nīvvaāḍapalavā?	Are you a girl?		0	nīvvaāḍapalavā		site,book1000	nīvvaāḍapalavā?		
S0840	వెర్రిఉండకండి	verriuṇḍakaṇḍi	Don't be silly ! [respectful]	respectful	0	verriuṇḍakaṇḍi		site,book1000	verriuṇḍakaṇḍi		
S0841	Battery బాటర్చపోయ్యంది	Battery bāṭarchapōyyandi	Battery betternow isgone poindi [respectful]	respectful	0	Battery bāṭarchapōyyandi		site,book1000	Battery bāṭarchapōyyandi		
S0842	ఒకదీపంఉంది	okadīpaṁundi	There is a lamp		0	okadīpaṁundi		site,book1000	okadīpaṁundi		
S0843	మీకునచ్చిందా?	mīkunachchindā?	Do you like it ?		0	mīkunachchindā		site,book1000	mīkunachchindā?		
S0844	పోలీసులనుపిలవండి	pōlīsulanupilavaṇḍi	Call the police [respectful]	respectful	0	pōlīsulanupilavaṇḍi		site,book1000	pōlīsulanupilavaṇḍi		
S0845	మీకుస్వాగతం	mīkusvāgataṁ	You are welcome		0	mīkusvāgataṁ		site,book1000	mīkusvāgataṁ		
S0846	బస్సునుండి దిగిపోండి	bassunuṇḍi digipōṇḍi	Get off the bus ! [respectful]	respectful	0	bassunuṇḍi digipōṇḍi		site,book1000	bassunuṇḍi digipōṇḍi		
S0847	ఏంజరుగుతోంది?	ēnjarugutōndi?	What's going on ?		0	ēnjarugutōndi		site,book1000	ēnjarugutōndi?		
S0848	ఆబాబుఎవరు?	ābābuevaru?	Who is that boy ?		0	ābābuevaru		site,book1000	ābābuevaru?		
S0849	అరుదైనఅవకాశం	arudainaavakāśaṁ	Rare opportunity		0	arudainaavakāśaṁ		site,book1000	arudainaavakāśaṁ		
S0850	మీకుఆవిడతెలుసా?	mīkuāviḍatelusā?	Do you know her ?		0	mīkuāviḍatelusā		site,book1000	mīkuāviḍatelusā?		
S0851		Manam matladukundam	let's talk		100		114	book1000	Manam matladukundam	needs-script	
S0852		Adi na porapatu	It's my fault		100		369	book1000	Adi na porapatu	needs-script	
S0853	నేనుచేయాల్సి వచ్చింది	nēnuchēyālsi vachchindi			100		438	book1000		no-english	
S0854		A Ayanaki avvandi	Give it to him	respectful	67	avvandi	462	book1000	A Ayanaki avvandi	needs-script	
